"No.","Time","Source","Destination","Protocol","Length","Info"
"1","0.000000000","8e:f6:b5:b1:c2:80","ff:ff:ff:ff:ff:ff","802.11","173","Probe Request, SN=3165, FN=0, Flags=........C, SSID=Wildcard (Broadcast)"
"2","34.103932660","f6:42:1f:91:f9:0d","ff:ff:ff:ff:ff:ff","802.11","173","Probe Request, SN=280, FN=0, Flags=........C, SSID=Wildcard (Broadcast)"
"3","49.149690588","aa:02:55:11:3d:ad","ff:ff:ff:ff:ff:ff","802.11","173","Probe Request, SN=3217, FN=0, Flags=........C, SSID=Wildcard (Broadcast)"
"4","71.437042992","f6:d4:9e:89:5d:fe","ff:ff:ff:ff:ff:ff","802.11","173","Probe Request, SN=1814, FN=0, Flags=........C, SSID=Wildcard (Broadcast)"
"5","71.457394824","f6:d4:9e:89:5d:fe","ff:ff:ff:ff:ff:ff","802.11","173","Probe Request, SN=1815, FN=0, Flags=........C, SSID=Wildcard (Broadcast)"
"6","101.303154882","7e:df:fa:07:34:ca","ff:ff:ff:ff:ff:ff","802.11","173","Probe Request, SN=1740, FN=0, Flags=........C, SSID=Wildcard (Broadcast)"
"7","116.047410448","96:61:68:2e:46:1a","ff:ff:ff:ff:ff:ff","802.11","173","Probe Request, SN=1787, FN=0, Flags=........C, SSID=Wildcard (Broadcast)"
"8","144.696585090","da:a1:19:41:35:6b","ff:ff:ff:ff:ff:ff","802.11","152","Probe Request, SN=3660, FN=0, Flags=........C, SSID=Wildcard (Broadcast)"
"9","144.716934979","da:a1:19:41:35:6b","ff:ff:ff:ff:ff:ff","802.11","152","Probe Request, SN=3661, FN=0, Flags=........C, SSID=Wildcard (Broadcast)"
"10","189.144262596","26:f4:ed:ec:15:8b","ff:ff:ff:ff:ff:ff","802.11","173","Probe Request, SN=940, FN=0, Flags=........C, SSID=Wildcard (Broadcast)"
"11","195.447322070","b4:c9:b9:fd:b8:94","ff:ff:ff:ff:ff:ff","802.11","143","Probe Request, SN=2322, FN=0, Flags=........C, SSID=""Bbox-54711C87"""
"12","195.448213934","b4:c9:b9:fd:b8:94","ff:ff:ff:ff:ff:ff","802.11","143","Probe Request, SN=2323, FN=0, Flags=........C, SSID=""Bbox-54711C87"""
"13","195.448869097","b4:c9:b9:fd:b8:94","ff:ff:ff:ff:ff:ff","802.11","143","Probe Request, SN=2324, FN=0, Flags=........C, SSID=""Bbox-54711C87"""
"14","195.450086533","b4:c9:b9:fd:b8:94","ff:ff:ff:ff:ff:ff","802.11","130","Probe Request, SN=2325, FN=0, Flags=........C, SSID=Wildcard (Broadcast)"
"15","195.450858210","b4:c9:b9:fd:b8:94","ff:ff:ff:ff:ff:ff","802.11","130","Probe Request, SN=2326, FN=0, Flags=........C, SSID=Wildcard (Broadcast)"
"16","195.451692402","b4:c9:b9:fd:b8:94","ff:ff:ff:ff:ff:ff","802.11","130","Probe Request, SN=2327, FN=0, Flags=........C, SSID=Wildcard (Broadcast)"
"17","205.387084741","44:d1:fa:2a:88:a2","9c:28:bf:95:d3:42","802.11","264","Probe Response, SN=2448, FN=0, Flags=........C, BI=100, SSID=""GARAGE SOHM"""
"18","215.097674416","de:1f:03:de:1e:21","ff:ff:ff:ff:ff:ff","802.11","173","Probe Request, SN=1722, FN=0, Flags=........C, SSID=Wildcard (Broadcast)"
"19","247.053568238","62:0c:85:ba:91:ba","ff:ff:ff:ff:ff:ff","802.11","173","Probe Request, SN=2581, FN=0, Flags=........C, SSID=Wildcard (Broadcast)"
"20","249.358757823","96:fb:c7:b4:2a:25","ff:ff:ff:ff:ff:ff","802.11","172","Probe Request, SN=1517, FN=0, Flags=........C, SSID=Wildcard (Broadcast)"
"21","249.378986603","96:fb:c7:b4:2a:25","ff:ff:ff:ff:ff:ff","802.11","172","Probe Request, SN=1518, FN=0, Flags=........C, SSID=Wildcard (Broadcast)"
"22","249.442041138","96:fb:c7:b4:2a:25","ff:ff:ff:ff:ff:ff","802.11","172","Probe Request, SN=1519, FN=0, Flags=........C, SSID=Wildcard (Broadcast)"
"23","249.462299223","96:fb:c7:b4:2a:25","ff:ff:ff:ff:ff:ff","802.11","172","Probe Request, SN=1520, FN=0, Flags=........C, SSID=Wildcard (Broadcast)"
"24","249.524637796","96:fb:c7:b4:2a:25","ff:ff:ff:ff:ff:ff","802.11","172","Probe Request, SN=1521, FN=0, Flags=........C, SSID=Wildcard (Broadcast)"
"25","249.544735063","96:fb:c7:b4:2a:25","ff:ff:ff:ff:ff:ff","802.11","172","Probe Request, SN=1522, FN=0, Flags=........C, SSID=Wildcard (Broadcast)"
"26","250.775702493","7e:51:a6:7e:c1:11","ff:ff:ff:ff:ff:ff","802.11","172","Probe Request, SN=44, FN=0, Flags=........C, SSID=Wildcard (Broadcast)"
"27","250.838395054","7e:51:a6:7e:c1:11","ff:ff:ff:ff:ff:ff","802.11","172","Probe Request, SN=45, FN=0, Flags=........C, SSID=Wildcard (Broadcast)"
"28","250.858544610","7e:51:a6:7e:c1:11","ff:ff:ff:ff:ff:ff","802.11","172","Probe Request, SN=46, FN=0, Flags=........C, SSID=Wildcard (Broadcast)"
"29","250.921232050","7e:51:a6:7e:c1:11","ff:ff:ff:ff:ff:ff","802.11","172","Probe Request, SN=47, FN=0, Flags=........C, SSID=Wildcard (Broadcast)"
"30","250.941302824","7e:51:a6:7e:c1:11","ff:ff:ff:ff:ff:ff","802.11","172","Probe Request, SN=48, FN=0, Flags=........C, SSID=Wildcard (Broadcast)"
"31","254.366201287","12:67:8f:5d:fa:4c","ff:ff:ff:ff:ff:ff","802.11","172","Probe Request, SN=2044, FN=0, Flags=........C, SSID=Wildcard (Broadcast)"
"32","254.386315111","12:67:8f:5d:fa:4c","ff:ff:ff:ff:ff:ff","802.11","172","Probe Request, SN=2045, FN=0, Flags=........C, SSID=Wildcard (Broadcast)"
"33","254.448921732","12:67:8f:5d:fa:4c","ff:ff:ff:ff:ff:ff","802.11","172","Probe Request, SN=2046, FN=0, Flags=........C, SSID=Wildcard (Broadcast)"
"34","254.469106060","12:67:8f:5d:fa:4c","ff:ff:ff:ff:ff:ff","802.11","172","Probe Request, SN=2047, FN=0, Flags=........C, SSID=Wildcard (Broadcast)"
"35","259.331070952","ee:60:4c:cb:c3:d5","ff:ff:ff:ff:ff:ff","802.11","172","Probe Request, SN=567, FN=0, Flags=........C, SSID=Wildcard (Broadcast)"
"36","259.393953937","ee:60:4c:cb:c3:d5","ff:ff:ff:ff:ff:ff","802.11","172","Probe Request, SN=568, FN=0, Flags=........C, SSID=Wildcard (Broadcast)"
"37","259.414089147","ee:60:4c:cb:c3:d5","ff:ff:ff:ff:ff:ff","802.11","172","Probe Request, SN=569, FN=0, Flags=........C, SSID=Wildcard (Broadcast)"
"38","259.476710150","ee:60:4c:cb:c3:d5","ff:ff:ff:ff:ff:ff","802.11","172","Probe Request, SN=570, FN=0, Flags=........C, SSID=Wildcard (Broadcast)"
"39","259.496863549","ee:60:4c:cb:c3:d5","ff:ff:ff:ff:ff:ff","802.11","172","Probe Request, SN=571, FN=0, Flags=........C, SSID=Wildcard (Broadcast)"
"40","265.500799426","ee:fa:cf:e3:0f:27","ff:ff:ff:ff:ff:ff","802.11","172","Probe Request, SN=1721, FN=0, Flags=........C, SSID=Wildcard (Broadcast)"
"41","265.521107857","ee:fa:cf:e3:0f:27","ff:ff:ff:ff:ff:ff","802.11","172","Probe Request, SN=1722, FN=0, Flags=........C, SSID=Wildcard (Broadcast)"
"42","265.583668787","ee:fa:cf:e3:0f:27","ff:ff:ff:ff:ff:ff","802.11","172","Probe Request, SN=1723, FN=0, Flags=........C, SSID=Wildcard (Broadcast)"
"43","265.603882180","ee:fa:cf:e3:0f:27","ff:ff:ff:ff:ff:ff","802.11","172","Probe Request, SN=1724, FN=0, Flags=........C, SSID=Wildcard (Broadcast)"
"44","265.666699345","ee:fa:cf:e3:0f:27","ff:ff:ff:ff:ff:ff","802.11","172","Probe Request, SN=1725, FN=0, Flags=........C, SSID=Wildcard (Broadcast)"
"45","265.686824670","ee:fa:cf:e3:0f:27","ff:ff:ff:ff:ff:ff","802.11","172","Probe Request, SN=1726, FN=0, Flags=........C, SSID=Wildcard (Broadcast)"
"46","270.588077953","06:2e:51:49:de:ec","ff:ff:ff:ff:ff:ff","802.11","172","Probe Request, SN=426, FN=0, Flags=........C, SSID=Wildcard (Broadcast)"
"47","270.608267525","06:2e:51:49:de:ec","ff:ff:ff:ff:ff:ff","802.11","172","Probe Request, SN=427, FN=0, Flags=........C, SSID=Wildcard (Broadcast)"
"48","270.671157500","06:2e:51:49:de:ec","ff:ff:ff:ff:ff:ff","802.11","172","Probe Request, SN=428, FN=0, Flags=........C, SSID=Wildcard (Broadcast)"
"49","270.691298762","06:2e:51:49:de:ec","ff:ff:ff:ff:ff:ff","802.11","172","Probe Request, SN=429, FN=0, Flags=........C, SSID=Wildcard (Broadcast)"
"50","271.792086497","ea:1d:c5:76:b6:78","ff:ff:ff:ff:ff:ff","802.11","172","Probe Request, SN=1804, FN=0, Flags=........C, SSID=Wildcard (Broadcast)"
"51","271.854651546","ea:1d:c5:76:b6:78","ff:ff:ff:ff:ff:ff","802.11","172","Probe Request, SN=1805, FN=0, Flags=........C, SSID=Wildcard (Broadcast)"
"52","271.874856624","ea:1d:c5:76:b6:78","ff:ff:ff:ff:ff:ff","802.11","172","Probe Request, SN=1806, FN=0, Flags=........C, SSID=Wildcard (Broadcast)"
"53","276.824953944","7e:20:56:9c:40:38","ff:ff:ff:ff:ff:ff","802.11","172","Probe Request, SN=1856, FN=0, Flags=........C, SSID=Wildcard (Broadcast)"
"54","276.887269777","7e:20:56:9c:40:38","ff:ff:ff:ff:ff:ff","802.11","172","Probe Request, SN=1857, FN=0, Flags=........C, SSID=Wildcard (Broadcast)"
"55","276.907535712","7e:20:56:9c:40:38","ff:ff:ff:ff:ff:ff","802.11","172","Probe Request, SN=1858, FN=0, Flags=........C, SSID=Wildcard (Broadcast)"
"56","276.969977350","7e:20:56:9c:40:38","ff:ff:ff:ff:ff:ff","802.11","172","Probe Request, SN=1859, FN=0, Flags=........C, SSID=Wildcard (Broadcast)"
"57","281.857646231","22:50:5f:3d:43:26","ff:ff:ff:ff:ff:ff","802.11","172","Probe Request, SN=1699, FN=0, Flags=........C, SSID=Wildcard (Broadcast)"
"58","281.877863138","22:50:5f:3d:43:26","ff:ff:ff:ff:ff:ff","802.11","172","Probe Request, SN=1700, FN=0, Flags=........C, SSID=Wildcard (Broadcast)"
"59","281.942000607","22:50:5f:3d:43:26","ff:ff:ff:ff:ff:ff","802.11","172","Probe Request, SN=1701, FN=0, Flags=........C, SSID=Wildcard (Broadcast)"
"60","281.962236444","22:50:5f:3d:43:26","ff:ff:ff:ff:ff:ff","802.11","172","Probe Request, SN=1702, FN=0, Flags=........C, SSID=Wildcard (Broadcast)"
"61","282.024375578","22:50:5f:3d:43:26","ff:ff:ff:ff:ff:ff","802.11","172","Probe Request, SN=1703, FN=0, Flags=........C, SSID=Wildcard (Broadcast)"
"62","282.044535528","22:50:5f:3d:43:26","ff:ff:ff:ff:ff:ff","802.11","172","Probe Request, SN=1704, FN=0, Flags=........C, SSID=Wildcard (Broadcast)"
"63","284.459040127","30:b1:b5:71:b2:42","ff:ff:ff:ff:ff:ff","802.11","364","Beacon frame, SN=309, FN=0, Flags=........C, BI=100, SSID=""Livebox-B242"""
"64","286.953476547","92:f0:4c:b7:85:7e","ff:ff:ff:ff:ff:ff","802.11","172","Probe Request, SN=1001, FN=0, Flags=........C, SSID=Wildcard (Broadcast)"
"65","286.973847817","92:f0:4c:b7:85:7e","ff:ff:ff:ff:ff:ff","802.11","172","Probe Request, SN=1002, FN=0, Flags=........C, SSID=Wildcard (Broadcast)"
"66","288.960518665","92:ce:5c:e2:5b:c9","ff:ff:ff:ff:ff:ff","802.11","213","Probe Request, SN=5, FN=0, Flags=........C, SSID=Wildcard (Broadcast)"
"67","291.971919241","62:18:72:7e:29:bb","ff:ff:ff:ff:ff:ff","802.11","172","Probe Request, SN=1144, FN=0, Flags=........C, SSID=Wildcard (Broadcast)"
"68","291.992151606","62:18:72:7e:29:bb","ff:ff:ff:ff:ff:ff","802.11","172","Probe Request, SN=1145, FN=0, Flags=........C, SSID=Wildcard (Broadcast)"
"69","292.054927341","62:18:72:7e:29:bb","ff:ff:ff:ff:ff:ff","802.11","172","Probe Request, SN=1146, FN=0, Flags=........C, SSID=Wildcard (Broadcast)"
"70","293.533419252","00:b5:d0:90:1d:c5","ff:ff:ff:ff:ff:ff","802.11","152","Probe Request, SN=144, FN=0, Flags=........C, SSID=Wildcard (Broadcast)"
"71","293.558662707","e2:8d:a9:5d:bb:41","ff:ff:ff:ff:ff:ff","802.11","114","Probe Request, SN=893, FN=0, Flags=........C, SSID=Wildcard (Broadcast)"
"72","293.559233061","e2:8d:a9:5d:bb:41","ff:ff:ff:ff:ff:ff","802.11","114","Probe Request, SN=894, FN=0, Flags=........C, SSID=Wildcard (Broadcast)"
"73","293.607724027","00:b5:d0:90:1d:c5","ff:ff:ff:ff:ff:ff","802.11","152","Probe Request, SN=146, FN=0, Flags=........C, SSID=Wildcard (Broadcast)"
"74","293.643627343","00:b5:d0:90:1d:c5","ff:ff:ff:ff:ff:ff","802.11","152","Probe Request, SN=147, FN=0, Flags=........C, SSID=Wildcard (Broadcast)"
"75","297.009804942","ba:ce:6d:8c:92:19","ff:ff:ff:ff:ff:ff","802.11","172","Probe Request, SN=865, FN=0, Flags=........C, SSID=Wildcard (Broadcast)"
"76","297.029791966","ba:ce:6d:8c:92:19","ff:ff:ff:ff:ff:ff","802.11","172","Probe Request, SN=866, FN=0, Flags=........C, SSID=Wildcard (Broadcast)"
"77","302.032735581","5e:13:b4:04:3c:5c","ff:ff:ff:ff:ff:ff","802.11","172","Probe Request, SN=869, FN=0, Flags=........C, SSID=Wildcard (Broadcast)"
"78","302.052843032","5e:13:b4:04:3c:5c","ff:ff:ff:ff:ff:ff","802.11","172","Probe Request, SN=870, FN=0, Flags=........C, SSID=Wildcard (Broadcast)"
"79","306.987890808","ee:76:a1:f7:53:3d","ff:ff:ff:ff:ff:ff","802.11","172","Probe Request, SN=344, FN=0, Flags=........C, SSID=Wildcard (Broadcast)"
"80","307.050860460","ee:76:a1:f7:53:3d","ff:ff:ff:ff:ff:ff","802.11","172","Probe Request, SN=345, FN=0, Flags=........C, SSID=Wildcard (Broadcast)"
"81","307.070958726","ee:76:a1:f7:53:3d","ff:ff:ff:ff:ff:ff","802.11","172","Probe Request, SN=346, FN=0, Flags=........C, SSID=Wildcard (Broadcast)"
"82","307.133604557","ee:76:a1:f7:53:3d","ff:ff:ff:ff:ff:ff","802.11","172","Probe Request, SN=347, FN=0, Flags=........C, SSID=Wildcard (Broadcast)"
"83","307.153646867","ee:76:a1:f7:53:3d","ff:ff:ff:ff:ff:ff","802.11","172","Probe Request, SN=348, FN=0, Flags=........C, SSID=Wildcard (Broadcast)"
"84","312.080469134","52:2f:9c:9c:7b:fa","ff:ff:ff:ff:ff:ff","802.11","172","Probe Request, SN=1153, FN=0, Flags=........C, SSID=Wildcard (Broadcast)"
"85","312.100892263","52:2f:9c:9c:7b:fa","ff:ff:ff:ff:ff:ff","802.11","172","Probe Request, SN=1154, FN=0, Flags=........C, SSID=Wildcard (Broadcast)"
"86","313.924618505","00:b5:d0:90:1d:c5","ff:ff:ff:ff:ff:ff","802.11","152","Probe Request, SN=172, FN=0, Flags=........C, SSID=Wildcard (Broadcast)"
"87","313.960642598","00:b5:d0:90:1d:c5","ff:ff:ff:ff:ff:ff","802.11","152","Probe Request, SN=173, FN=0, Flags=........C, SSID=Wildcard (Broadcast)"
"88","317.108275367","76:85:e3:2d:a0:00","ff:ff:ff:ff:ff:ff","802.11","172","Probe Request, SN=1078, FN=0, Flags=........C, SSID=Wildcard (Broadcast)"
"89","317.128399977","76:85:e3:2d:a0:00","ff:ff:ff:ff:ff:ff","802.11","172","Probe Request, SN=1079, FN=0, Flags=........C, SSID=Wildcard (Broadcast)"
"90","317.210794375","76:85:e3:2d:a0:00","ff:ff:ff:ff:ff:ff","802.11","172","Probe Request, SN=1081, FN=0, Flags=........C, SSID=Wildcard (Broadcast)"
"91","323.464562037","4a:f3:26:fe:f6:e1","ff:ff:ff:ff:ff:ff","802.11","172","Probe Request, SN=1803, FN=0, Flags=........C, SSID=Wildcard (Broadcast)"
"92","323.484704979","4a:f3:26:fe:f6:e1","ff:ff:ff:ff:ff:ff","802.11","172","Probe Request, SN=1804, FN=0, Flags=........C, SSID=Wildcard (Broadcast)"
"93","329.638863155","4a:97:34:29:41:52","ff:ff:ff:ff:ff:ff","802.11","173","Probe Request, SN=1188, FN=0, Flags=........C, SSID=Wildcard (Broadcast)"
"94","337.833211986","fc:9c:98:32:8d:c2","ff:ff:ff:ff:ff:ff","802.11","183","Probe Request, SN=2916, FN=0, Flags=........C, SSID=""ARLO_VMB_4707569380"""
"95","337.838554527","fc:9c:98:32:8d:c2","ff:ff:ff:ff:ff:ff","802.11","183","Probe Request, SN=2917, FN=0, Flags=........C, SSID=""ARLO_VMB_4707569380"""
"96","338.558746010","9c:a3:a9:44:99:16","ff:ff:ff:ff:ff:ff","802.11","117","Probe Request, SN=319, FN=0, Flags=........C, SSID=""NVR083a2f0017f2"""
"97","338.560756855","9c:a3:a9:44:99:16","ff:ff:ff:ff:ff:ff","802.11","102","Probe Request, SN=322, FN=0, Flags=........C, SSID=Wildcard (Broadcast)"
"98","369.352878449","9c:a3:a9:44:99:16","ff:ff:ff:ff:ff:ff","802.11","102","Probe Request, SN=601, FN=0, Flags=........C, SSID=Wildcard (Broadcast)"
"99","369.360316036","","8c:97:ea:b9:08:f8 (RA)","802.11","70","Acknowledgement, Flags=........C"
"100","377.482040240","9a:6a:8c:52:a7:61","ff:ff:ff:ff:ff:ff","802.11","172","Probe Request, SN=53, FN=0, Flags=........C, SSID=Wildcard (Broadcast)"
"101","377.502214931","9a:6a:8c:52:a7:61","ff:ff:ff:ff:ff:ff","802.11","172","Probe Request, SN=54, FN=0, Flags=........C, SSID=Wildcard (Broadcast)"
"102","382.558192674","5a:c3:c4:3b:52:cf","ff:ff:ff:ff:ff:ff","802.11","172","Probe Request, SN=445, FN=0, Flags=........C, SSID=Wildcard (Broadcast)"
"103","382.578407630","5a:c3:c4:3b:52:cf","ff:ff:ff:ff:ff:ff","802.11","172","Probe Request, SN=446, FN=0, Flags=........C, SSID=Wildcard (Broadcast)"
"104","387.552431547","ca:fb:9e:4a:f4:bd","ff:ff:ff:ff:ff:ff","802.11","172","Probe Request, SN=131, FN=0, Flags=........C, SSID=Wildcard (Broadcast)"
"105","387.572540974","ca:fb:9e:4a:f4:bd","ff:ff:ff:ff:ff:ff","802.11","172","Probe Request, SN=132, FN=0, Flags=........C, SSID=Wildcard (Broadcast)"
"106","392.594716859","76:ff:c4:e4:97:61","ff:ff:ff:ff:ff:ff","802.11","172","Probe Request, SN=407, FN=0, Flags=........C, SSID=Wildcard (Broadcast)"
"107","392.614833850","76:ff:c4:e4:97:61","ff:ff:ff:ff:ff:ff","802.11","172","Probe Request, SN=408, FN=0, Flags=........C, SSID=Wildcard (Broadcast)"
"108","397.621852454","6a:82:5f:7c:f0:19","ff:ff:ff:ff:ff:ff","802.11","172","Probe Request, SN=1113, FN=0, Flags=........C, SSID=Wildcard (Broadcast)"
"109","397.642006663","6a:82:5f:7c:f0:19","ff:ff:ff:ff:ff:ff","802.11","172","Probe Request, SN=1114, FN=0, Flags=........C, SSID=Wildcard (Broadcast)"
"110","397.704110369","6a:82:5f:7c:f0:19","ff:ff:ff:ff:ff:ff","802.11","172","Probe Request, SN=1115, FN=0, Flags=........C, SSID=Wildcard (Broadcast)"
"111","402.645622766","56:94:9e:33:2b:8a","ff:ff:ff:ff:ff:ff","802.11","172","Probe Request, SN=596, FN=0, Flags=........C, SSID=Wildcard (Broadcast)"
"112","402.665727078","56:94:9e:33:2b:8a","ff:ff:ff:ff:ff:ff","802.11","172","Probe Request, SN=597, FN=0, Flags=........C, SSID=Wildcard (Broadcast)"
"113","402.748706070","56:94:9e:33:2b:8a","ff:ff:ff:ff:ff:ff","802.11","172","Probe Request, SN=599, FN=0, Flags=........C, SSID=Wildcard (Broadcast)"
"114","407.667300633","32:af:7f:2b:0c:7a","ff:ff:ff:ff:ff:ff","802.11","172","Probe Request, SN=1125, FN=0, Flags=........C, SSID=Wildcard (Broadcast)"
"115","407.687340380","32:af:7f:2b:0c:7a","ff:ff:ff:ff:ff:ff","802.11","172","Probe Request, SN=1126, FN=0, Flags=........C, SSID=Wildcard (Broadcast)"
"116","409.760407021","a2:4f:c0:7c:00:b7","ff:ff:ff:ff:ff:ff","802.11","173","Probe Request, SN=3072, FN=0, Flags=........C, SSID=Wildcard (Broadcast)"
"117","409.780631716","a2:4f:c0:7c:00:b7","ff:ff:ff:ff:ff:ff","802.11","173","Probe Request, SN=3073, FN=0, Flags=........C, SSID=Wildcard (Broadcast)"
"118","412.727386860","16:ca:86:a1:96:4d","ff:ff:ff:ff:ff:ff","802.11","172","Probe Request, SN=228, FN=0, Flags=........C, SSID=Wildcard (Broadcast)"
"119","412.747455189","16:ca:86:a1:96:4d","ff:ff:ff:ff:ff:ff","802.11","172","Probe Request, SN=229, FN=0, Flags=........C, SSID=Wildcard (Broadcast)"
"120","417.747219541","3e:5c:61:fe:07:de","ff:ff:ff:ff:ff:ff","802.11","172","Probe Request, SN=281, FN=0, Flags=........C, SSID=Wildcard (Broadcast)"
"121","417.767213748","3e:5c:61:fe:07:de","ff:ff:ff:ff:ff:ff","802.11","172","Probe Request, SN=282, FN=0, Flags=........C, SSID=Wildcard (Broadcast)"
"122","422.769371922","06:b8:c5:1d:4f:28","ff:ff:ff:ff:ff:ff","802.11","172","Probe Request, SN=1154, FN=0, Flags=........C, SSID=Wildcard (Broadcast)"
"123","422.789507823","06:b8:c5:1d:4f:28","ff:ff:ff:ff:ff:ff","802.11","172","Probe Request, SN=1155, FN=0, Flags=........C, SSID=Wildcard (Broadcast)"
"124","427.818773622","ce:68:f6:3e:eb:04","ff:ff:ff:ff:ff:ff","802.11","172","Probe Request, SN=1473, FN=0, Flags=........C, SSID=Wildcard (Broadcast)"
"125","427.838896889","ce:68:f6:3e:eb:04","ff:ff:ff:ff:ff:ff","802.11","172","Probe Request, SN=1474, FN=0, Flags=........C, SSID=Wildcard (Broadcast)"
"126","432.818050364","06:a9:6e:db:7a:ba","ff:ff:ff:ff:ff:ff","802.11","172","Probe Request, SN=1420, FN=0, Flags=........C, SSID=Wildcard (Broadcast)"
"127","432.838094676","06:a9:6e:db:7a:ba","ff:ff:ff:ff:ff:ff","802.11","172","Probe Request, SN=1421, FN=0, Flags=........C, SSID=Wildcard (Broadcast)"
"128","432.920679432","06:a9:6e:db:7a:ba","ff:ff:ff:ff:ff:ff","802.11","172","Probe Request, SN=1423, FN=0, Flags=........C, SSID=Wildcard (Broadcast)"
"129","437.842982904","9e:bd:2c:42:36:97","ff:ff:ff:ff:ff:ff","802.11","172","Probe Request, SN=508, FN=0, Flags=........C, SSID=Wildcard (Broadcast)"
"130","437.863087532","9e:bd:2c:42:36:97","ff:ff:ff:ff:ff:ff","802.11","172","Probe Request, SN=509, FN=0, Flags=........C, SSID=Wildcard (Broadcast)"
"131","437.945587747","9e:bd:2c:42:36:97","ff:ff:ff:ff:ff:ff","802.11","172","Probe Request, SN=511, FN=0, Flags=........C, SSID=Wildcard (Broadcast)"
"132","442.912282902","9a:bd:88:93:f2:2d","ff:ff:ff:ff:ff:ff","802.11","172","Probe Request, SN=1408, FN=0, Flags=........C, SSID=Wildcard (Broadcast)"
"133","442.932392063","9a:bd:88:93:f2:2d","ff:ff:ff:ff:ff:ff","802.11","172","Probe Request, SN=1409, FN=0, Flags=........C, SSID=Wildcard (Broadcast)"
"134","447.927875600","a2:b4:fd:68:b9:bc","ff:ff:ff:ff:ff:ff","802.11","172","Probe Request, SN=237, FN=0, Flags=........C, SSID=Wildcard (Broadcast)"
"135","447.948090773","a2:b4:fd:68:b9:bc","ff:ff:ff:ff:ff:ff","802.11","172","Probe Request, SN=238, FN=0, Flags=........C, SSID=Wildcard (Broadcast)"
"136","467.050362913","7e:41:16:6d:38:e6","ff:ff:ff:ff:ff:ff","802.11","173","Probe Request, SN=2498, FN=0, Flags=........C, SSID=Wildcard (Broadcast)"
"137","488.119752246","7a:75:fc:37:ae:53","ff:ff:ff:ff:ff:ff","802.11","173","Probe Request, SN=3995, FN=0, Flags=........C, SSID=Wildcard (Broadcast)"
"138","643.188623607","7e:70:9d:7a:2e:ad","ff:ff:ff:ff:ff:ff","802.11","173","Probe Request, SN=1426, FN=0, Flags=........C, SSID=Wildcard (Broadcast)"
"139","658.430731391","d6:16:22:a3:04:20","ff:ff:ff:ff:ff:ff","802.11","172","Probe Request, SN=1342, FN=0, Flags=........C, SSID=Wildcard (Broadcast)"
"140","658.450779404","d6:16:22:a3:04:20","ff:ff:ff:ff:ff:ff","802.11","172","Probe Request, SN=1343, FN=0, Flags=........C, SSID=Wildcard (Broadcast)"
"141","681.907763718","f2:5d:42:fa:ea:03","ff:ff:ff:ff:ff:ff","802.11","143","Probe Request, SN=673, FN=0, Flags=........C, SSID=Wildcard (Broadcast)"
"142","691.577045492","ae:16:3a:5f:21:ea","ff:ff:ff:ff:ff:ff","802.11","173","Probe Request, SN=3867, FN=0, Flags=........C, SSID=Wildcard (Broadcast)"
"143","701.969251775","86:27:0a:8a:ec:cc","ff:ff:ff:ff:ff:ff","802.11","176","Probe Request, SN=814, FN=0, Flags=........C, SSID=Wildcard (Broadcast)"
"144","702.411251880","12:36:91:74:67:c0","ff:ff:ff:ff:ff:ff","802.11","173","Probe Request, SN=692, FN=0, Flags=........C, SSID=Wildcard (Broadcast)"
"145","702.418570579","12:36:91:74:67:c0","ff:ff:ff:ff:ff:ff","802.11","173","Probe Request, SN=693, FN=0, Flags=........C, SSID=Wildcard (Broadcast)"
"146","718.301699877","fe:2d:35:75:a8:db","ff:ff:ff:ff:ff:ff","802.11","173","Probe Request, SN=649, FN=0, Flags=........C, SSID=Wildcard (Broadcast)"
"147","720.738180876","3e:4f:b6:b3:aa:42","ff:ff:ff:ff:ff:ff","802.11","173","Probe Request, SN=34, FN=0, Flags=........C, SSID=Wildcard (Broadcast)"
"148","729.158137495","f6:c7:51:42:f8:f7","ff:ff:ff:ff:ff:ff","802.11","205","Probe Request, SN=1961, FN=0, Flags=........C, SSID=Wildcard (Broadcast)"
"149","734.146742364","1e:67:32:ee:23:97","ff:ff:ff:ff:ff:ff","802.11","205","Probe Request, SN=2056, FN=0, Flags=........C, SSID=Wildcard (Broadcast)"
"150","734.167942000","1e:67:32:ee:23:97","ff:ff:ff:ff:ff:ff","802.11","205","Probe Request, SN=2057, FN=0, Flags=........C, SSID=Wildcard (Broadcast)"
"151","742.841810721","00:b5:d0:90:1d:c5","ff:ff:ff:ff:ff:ff","802.11","152","Probe Request, SN=700, FN=0, Flags=........C, SSID=Wildcard (Broadcast)"
"152","742.877835093","00:b5:d0:90:1d:c5","ff:ff:ff:ff:ff:ff","802.11","152","Probe Request, SN=701, FN=0, Flags=........C, SSID=Wildcard (Broadcast)"
"153","742.916052395","00:b5:d0:90:1d:c5","ff:ff:ff:ff:ff:ff","802.11","152","Probe Request, SN=702, FN=0, Flags=........C, SSID=Wildcard (Broadcast)"
"154","746.943280074","00:b5:d0:90:1d:c5","ff:ff:ff:ff:ff:ff","802.11","152","Probe Request, SN=726, FN=0, Flags=........C, SSID=Wildcard (Broadcast)"
"155","746.979422612","00:b5:d0:90:1d:c5","ff:ff:ff:ff:ff:ff","802.11","152","Probe Request, SN=727, FN=0, Flags=........C, SSID=Wildcard (Broadcast)"
"156","750.548830488","00:b5:d0:90:1d:c5","ff:ff:ff:ff:ff:ff","802.11","152","Probe Request, SN=752, FN=0, Flags=........C, SSID=Wildcard (Broadcast)"
"157","750.584855964","00:b5:d0:90:1d:c5","ff:ff:ff:ff:ff:ff","802.11","152","Probe Request, SN=753, FN=0, Flags=........C, SSID=Wildcard (Broadcast)"
"158","755.527280258","00:b5:d0:90:1d:c5","ff:ff:ff:ff:ff:ff","802.11","152","Probe Request, SN=778, FN=0, Flags=........C, SSID=Wildcard (Broadcast)"
"159","755.563313970","00:b5:d0:90:1d:c5","ff:ff:ff:ff:ff:ff","802.11","152","Probe Request, SN=779, FN=0, Flags=........C, SSID=Wildcard (Broadcast)"
"160","755.601601218","00:b5:d0:90:1d:c5","ff:ff:ff:ff:ff:ff","802.11","152","Probe Request, SN=780, FN=0, Flags=........C, SSID=Wildcard (Broadcast)"
"161","757.842380148","72:c8:74:17:31:9e","ff:ff:ff:ff:ff:ff","802.11","159","Probe Request, SN=3449, FN=0, Flags=........C, SSID=""sunset"""
"162","757.878799401","72:c8:74:17:31:9e","ff:ff:ff:ff:ff:ff","802.11","153","Probe Request, SN=3450, FN=0, Flags=........C, SSID=Wildcard (Broadcast)"
"163","757.882070074","72:c8:74:17:31:9e","ff:ff:ff:ff:ff:ff","802.11","159","Probe Request, SN=3453, FN=0, Flags=........C, SSID=""sunset"""
"164","822.948534418","7e:b8:cd:ed:5c:da","ff:ff:ff:ff:ff:ff","802.11","173","Probe Request, SN=180, FN=0, Flags=........C, SSID=Wildcard (Broadcast)"
"165","823.003747505","7e:b8:cd:ed:5c:da","ff:ff:ff:ff:ff:ff","802.11","173","Probe Request, SN=4007, FN=0, Flags=........C, SSID=Wildcard (Broadcast)"
"166","868.513549970","ca:52:90:05:4d:e1","ff:ff:ff:ff:ff:ff","802.11","172","Probe Request, SN=1796, FN=0, Flags=........C, SSID=Wildcard (Broadcast)"
"167","868.533730795","ca:52:90:05:4d:e1","ff:ff:ff:ff:ff:ff","802.11","172","Probe Request, SN=1797, FN=0, Flags=........C, SSID=Wildcard (Broadcast)"
"168","868.596249406","ca:52:90:05:4d:e1","ff:ff:ff:ff:ff:ff","802.11","172","Probe Request, SN=1798, FN=0, Flags=........C, SSID=Wildcard (Broadcast)"
