Longitude;Latitude;Mgrs;Name;Date;Pays;Type Evènemnt;Catégorie;Circonstances;Résumé;Emploi IED;Déclenchement IED;Type Munitions;Munitions;chemexNatureSubstance;chemeTypeSubstance;chemexCordeauDet;elexTel;elexDom;elexAlim;elexRadio;elexAlarm;FR_KIA;FR_WIA;Cat.A;Cat.B;Cat.C;Part_KIA;Part_WIA;Civils_KIA;Civils_WIA;Opposants_KIA;Opposants_WIA;Qui;Commentaire
0.84938310574006;14.914265402505;"31P BS 68653 49961";"NIGE-FANR-23-000006";"2023-01-31 10:30";"NIGER";"Cache";"EO";"Opération de fouille";"<p>Le 31 janvier, la Police Nationale du poste de Yassane a fait une saisie d'explosif de carrière.</p>";"";;"";"";"NULL";"NULL";"NULL";"NULL";"NULL";"NULL";"NULL";"NULL";0;0;0;0;0;0;0;0;0;0;0;"FORCES ARMEES NIGERIENNES"
12.497462442546;10.874104897363;"33P TN 26416 03186";"NIGE-NAF.-23-000006";"2023-01-31 10:38";"NIGERIA";"Découverte apres Mise en place";"IED";"Patrouille motorisée";"<p>Le 31 janvier, une patrouille du détachement de Wajiroko, appartenant à la 25ème Task Force Brigade, ont découvert un IED sur l'axe Sabon Gari (N104833 E0122720)- Wajiroko (105552 E0123120).</p>";"";;"";"";"NULL";"NULL";"NULL";"NULL";"NULL";"NULL";"NULL";"NULL";0;0;0;0;0;0;0;0;0;0;0;"FORCE ARMEES NIGERIANES"
10.190555555556;11.674722222222;"32P PT 29764 90858";"NIGE-CVIL-23-000001";"2023-01-30 10:34";"NIGERIA";"Explosion";"Indéterminé";"Emprise civile";"<p>Le 30 janvier, une explosion a eu lieu à Azare (N114029 E0101126) dans l'état de Bauchi, LGA de Katagum. Une mosquée, une école et une maison ont été détruites. La cause et le caractère de cette explosion ne sont pas connus.</p>";"";;"";"";"NULL";"NULL";"NULL";"NULL";"NULL";"NULL";"NULL";"NULL";0;0;0;0;0;0;0;0;0;0;0;"CIVIL"
-1.5193384872017;12.366831733628;"30P XU 60978 67563";"BURK-CVIL-23-000004";"2023-01-29 10:21";"BURKINA-FASO";"Explosion";"EO";"Emprise civile";"<p>Le 29 janvier, trois explosions ont eu lieu au niveau du marché Sankar Yaoré de Ouagadougou entrainant un incendie dans le marché. Une mauvaise manipulation d'explosifs miniers est à l'origine des explosions.&nbsp;</p>";"";;"";"";"NULL";"NULL";"NULL";"NULL";"NULL";"NULL";"NULL";"NULL";0;0;0;0;0;0;0;0;0;0;0;"CIVIL"
17.994166844326;19.877779667467;"33Q ZC 13557 00744";"TCHA-CVIL-23-000001";"2023-01-29 18:00";"TCHAD";"Suspicion";"EO";"Déplacement VHL civil";"<p>Le 29 janvier, un groupe d'autodéfense demande aux usagers des axes autour de Michao 33Q ZC 13557 00744 d'éviter d'y circuler à partir du 29 janvier à 18h laissant entendre qu'ils auraient été piégés afin d'empêcher un renforcement des militaires tchadiens.</p>";"";;"";"";"NULL";"NULL";"NULL";"NULL";"NULL";"NULL";"NULL";"NULL";0;0;0;0;0;0;0;0;0;0;0;"CIVIL"
1.5140507321506;12.474794123027;"31P CP 38513 79508";"BURK-FBSB-23-000007";"2023-01-28 10:00";"BURKINA-FASO";"Découverte apres Mise en place";"IED";"Patrouille motorisée";"<p>Le 28 janvier entre 10h et 12h, les FDS ont détruit au moins 3 IED dans la localité de Kantchari, province de la Tapoa. Les IED avaient été posés la veille par les GAT.</p>";"";;"";"";"NULL";"NULL";"NULL";"NULL";"NULL";"NULL";"NULL";"NULL";0;0;0;0;0;0;0;0;0;0;0;"FORCES DE SECURITE BURKINABESE"
-1.3292277777778;14.861091666667;"30P XB 79758 43634";"MALI-FAMA-23-000011";"2023-01-27 10:41";"MALI";"Explosion";"IED";"Patrouille motorisée";"<p>Le 27 janvier, un garde national est décédé suite à l'explosion d'un IED à proximité de Boulkessi (14°51'39.93""N 1°19'45.22""W) à 68 km à l'Est de MONDORO.</p>";"";;"";"";"NULL";"NULL";"NULL";"NULL";"NULL";"NULL";"NULL";"NULL";0;0;0;0;0;1;0;0;0;0;0;"FORCES ARMEES MALIENNES"
-3.6688888888889;13.711666666667;"30P VA 27675 15938";"MALI-FAMA-23-000009";"2023-01-24 16:40";"MALI";"Découverte apres Mise en place";"IED";"Patrouille motorisée";"<p>Le 24 janvier à 16h40, le GTIA2 Keletigui a découvert et détruit un IED en N134242 W0034008 à 6km au Sud-Ouest de Diallassagou.</p>";"EMPLACED - IED";UNKNOWN;"";"";"NULL";"NULL";"NULL";"NULL";"NULL";"NULL";"NULL";"NULL";0;0;0;0;0;0;0;0;0;0;0;"FORCES ARMEES MALIENNES"
-3.675;13.681388888889;"30P VA 27005 12591";"MALI-FAMA-23-000008";"2023-01-23 14:50";"MALI";"Découverte apres Mise en place";"IED";"Patrouille motorisée";"<p>Le 23 janvier à 14h50, le GTIA2 Keletigui a découvert et détruit un IED en N134053 W0034030 à 8km au Sud-Ouest de Diallassagou.</p>";"EMPLACED - IED";UNKNOWN;"";"";"NULL";"NULL";"NULL";"NULL";"NULL";"NULL";"NULL";"NULL";0;0;0;0;0;0;0;0;0;0;0;"FORCES ARMEES MALIENNES"
13.695555555556;11.082777777778;"33P UN 57525 25444";"NIGE-NAF.-23-000005";"2023-01-23 09:05";"NIGERIA";"Attaque complexe";"IED + ALI";"Patrouille motorisée";"<p>Le 23 janvier, des membres de l'EIAO ont tendu une embuscade valorisée à l'aide d'IED à des troupes de l'armée près de GWOZA. Les FDS ont perdu 4 soldats et 3 MRAP. 1 terroriste a été tué, un véhicule et 3 motos perdus coté EIAO.</p>";"EMPLACED - IED";UNKNOWN;"";"";"NULL";"NULL";"NULL";"NULL";"NULL";"NULL";"NULL";"NULL";0;0;0;0;0;4;0;0;0;1;0;"FORCE ARMEES NIGERIANES"
1.2466666666667;13.464166666667;"31P CQ 10199 89143";"NIGE-FANR-23-000005";"2023-01-22 16:46";"NIGER";"Découverte apres Mise en place";"IED";"Patrouille motorisée";"<p>Le 22 janvier, les FAN du PMR de Tiawa ont découvert un IED en N132751 E0011448. Alors que les éléments du Génie intervenait sur l'IED, une deuxième IED a été déclenché par un individu aux abords de la piste en N132742 E0011448. Le trigger s'est enfui après le déclenchement.</p>";"EMPLACED - IED,EMPLACED - IED";UNKNOWN,UNKNOWN;"";"";"NULL";"NULL";"NULL";"NULL";"NULL";"NULL";"NULL";"NULL";0;0;0;0;0;0;0;0;0;0;0;"FORCES ARMEES NIGERIENNES"
-6.0311993461112;14.125905024503;"29P RR 20555 63679";"MALI-FAMA-23-000007";"2023-01-22 16:51";"MALI";"Explosion";"IED";"Convoi Logistique";"<p>Le 22 janvier, un véhicule de la mission mixte d'escorte d'une compagnie d'Alatona a explosé sur un IED au niveau du village de Kanabougou (29P RR 20555 63679) entre Niono et Markala. Le bilan serait de 3 blessés.</p>";"EMPLACED - IED";UNKNOWN;"";"";"NULL";"NULL";"NULL";"NULL";"NULL";"NULL";"NULL";"NULL";0;0;0;0;0;0;3;0;0;0;0;"FORCES ARMEES MALIENNES"
17.858217845485;20.493918895958;"33Q YC 98134 68744";"TCHA-FATC-23-000002";"2023-01-21 10:40";"TCHAD";"Suspicion";"EO";"Emprise civile";"<p>Le 21 janvier, les axes Misky-Taïma, Misky-Wana et Misky-Koundama auraient été minés. Ce minage a probablement été mis en place par un groupe d'autodéfense Toubou ayant refusé les accords passés avec le gouvernement et ayant annoncé entre en lutte contre ce dernier.</p>";"";;"";"";"NULL";"NULL";"NULL";"NULL";"NULL";"NULL";"NULL";"NULL";0;0;0;0;0;0;0;0;0;0;0;"FORCES ARMEES TCHADIENNES"
0.70054785865611;11.247439550619;"31P BN 48948 44322";"BURK-FBSB-23-000006";"2023-01-21 06:15";"BURKINA-FASO";"Explosion";"IED";"Patrouille démotorisée";"<p>Le 21 janvier vers 06h15, un binôme de VDP a sauté sur un IED à la sortie de Kompienga (probablement Pama). Le bilan serait d'un mort et un blessé.</p>";"EMPLACED - IED";UNKNOWN;"";"";"NULL";"NULL";"NULL";"NULL";"NULL";"NULL";"NULL";"NULL";0;0;0;0;0;1;1;0;0;0;0;"FORCES DE SECURITE BURKINABESE"
2.228200203885;12.678525628205;"31P DQ 16196 01709";"NIGE-FANR-23-000004";"2023-01-21 12:10";"NIGER";"Explosion";"IED";"Patrouille motorisée";"<p>Le 21 janvier vers 12h10, une patrouille du GARSI de Tamou (Gendarmerie Nationale) se rendant à Alambaré a subit une attaque par IED à 1km de Alambaré. Après le passage d'un blindé en tête, la toyota n°26658 qui le suivait a été soufflé par l'explosion d'un IED placé sur le goudron. Le bilan est de 2 blessés dont un grave évacués au CSI de Tamou. Dégât peu important sur le véhicule. La patrouille est rentrée sur base vers 13h15 après avoir ratissée la zone.</p>";"EMPLACED - IED";UNKNOWN;"";"";"NULL";"NULL";"NULL";"NULL";"NULL";"NULL";"NULL";"NULL";0;0;0;0;0;0;2;0;0;0;0;"FORCES ARMEES NIGERIENNES"
1.429508614346;12.445712394516;"31P CP 29304 76344";"BURK-FABF-23-000005";"2023-01-21 10:11";"BURKINA-FASO";"Découverte apres Mise en place";"IED";"Patrouille motorisée";"<p>Le 21 janvier, un RCIED a été découvert et détruit par le détachement militaire de Kantchari sur l'axe Kantchari-Sakoani.</p>";"EMPLACED - IED";Radio_Control_IED;"";"";"NULL";"NULL";"NULL";"NULL";"NULL";"NULL";"NULL";"NULL";0;0;0;0;0;0;0;0;0;0;0;"FORCES ARMEES BURKINABE"
-5.9770755968512;14.139556999658;"30P SA 78570 65202";"MALI-FAMA-23-000006";"2023-01-21 10:19";"MALI";"Explosion";"IED";"Convoi forces partenaires";"<p>Le 21 janvier, un IED a explosé au passage d'un convoi militaire à Kolodougou. Le bilan de l'attaque est inconnu.</p>";"EMPLACED - IED";UNKNOWN;"";"";"NULL";"NULL";"NULL";"NULL";"NULL";"NULL";"NULL";"NULL";0;0;0;0;0;0;0;0;0;0;0;"FORCES ARMEES MALIENNES"
-2.7143418270674;14.830978337725;"30P WB 30734 39651";"MALI-FAMA-23-000010";"2023-01-21 09:08";"MALI";"Découverte apres Mise en place";"IED";"Patrouille motorisée";"<p>Le 21 janvier, un IED a été découvert et détruit par les FAMa à proximité de Petaka dans le cercle de Douentza, région de Mopti.</p>";"EMPLACED - IED";UNKNOWN;"";"";"NULL";"NULL";"NULL";"NULL";"NULL";"NULL";"NULL";"NULL";0;0;0;0;0;0;0;0;0;0;0;"FORCES ARMEES MALIENNES"
-3.0109363716362;15.100300215549;"30P VB 98824 69419";"MALI-FAMA-23-000005";"2023-01-19 07:00";"MALI";"Découverte apres Mise en place";"IED";"Patrouille motorisée";"<p>Le 19 janvier vers 07h00, les FAMa ont découvert et détruit un IED à Debere environ 10km au nord de Douentza.</p>";"EMPLACED - IED";UNKNOWN;"";"";"NULL";"NULL";"NULL";"NULL";"NULL";"NULL";"NULL";"NULL";0;0;0;0;0;0;0;0;0;0;0;"FORCES ARMEES MALIENNES"
0.84783697768827;10.915403900096;"31P BN 64770 07462";"TOGO-FAT--23-000004";"2023-01-19 23:50";"TOGO";"Explosion";"IED";"Patrouille motorisée";"<p>Dans la nuit du 19 janvier, 2 terroristes tentant de poser un IED seraient décédés suite à l'explosion accidentelle de l'engin sur l'axe Sanloaga-Tiwoli au lieu-dit Souktangou. 1 AK47, 4 chargeurs et un talkie-walkie auraient été retrouvé sur place.</p>";"";;"";"";"NULL";"NULL";"NULL";"NULL";"NULL";"NULL";"NULL";"NULL";0;0;0;0;0;0;0;0;0;2;0;"FORCES ARMEES TOGOLAISES"
0.40806689900673;13.336859995787;"31P BQ 19225 75854";"BURK-FABF-23-000003";"2023-01-17 05:00";"BURKINA-FASO";"Cache";"IED";"Opération de fouille";"<p>Le 17 Janvier au matin, les FDS de Solhan avec des VDP ont mené une opération  contre une base GAT dans le village abandonné de Dambini.</p><p>Bilan: 09 terroristes tués, 08 motos détruites des sacs d'engrais, des cordons électriques, du carburant, 12 motos, 04 téléphones et des stupéfiants.</p><p><br></p>";"";;"";"";"NULL";"NULL";"NULL";"NULL";"NULL";"NULL";"NULL";"NULL";0;0;0;0;0;0;0;0;0;9;0;"FORCES ARMEES BURKINABE"
0.29806371712309;10.922314598532;"31P BN 04650 08709";"TOGO-FAT--23-000002";"2023-01-17 08:29";"TOGO";"Explosion";"IED";"Patrouille motorisée";"<p>Le 17 janvier, une patrouille des FAT a explosé sur un IED à proximité de Kpembuoli dans la préfécture de Kpendjal. Le bilan serai de 4 blessés et un véhicule endommagé.</p>";"EMPLACED - IED";UNKNOWN;"";"";"NULL";"NULL";"NULL";"NULL";"NULL";"NULL";"NULL";"NULL";0;0;0;0;0;0;4;0;0;0;0;"FORCES ARMEES TOGOLAISES"
-4.9095080656466;12.19641535007;"30P TU 92249 49004";"MALI-FDSM-23-000001";"2023-01-17 11:05";"MALI";"Suspicion";"IED";"Emprise civile";"<p>Le 17 janvier, 2 IED seraient installés dans la région de Sikasso à proximité de la frontière Mali-Burkina-Faso.</p><p>Au vu de l'historique de la zone, il est probable que les IED soient sur ou à proximité de la RN12 dans le cercle de Yorosso.</p><p><br></p><p>Le 23 janvier, des terroristes seraient aller vérifier l'un des engins car un véhicule aurait roulé dessus sans déclencher l'explosion.</p>";"EMPLACED - IED";UNKNOWN;"";"";"NULL";"NULL";"NULL";"NULL";"NULL";"NULL";"NULL";"NULL";0;0;0;0;0;0;0;0;0;0;0;"FORCES DE SECURITE MALIENNES"
10.064221207195;5.9616560944081;"32N PM 17791 59079";"CAME-FACR-23-000001";"2023-01-15 09:57";"CAMEROUN";"Explosion";"IED";"Convoi Logistique";"<p>Le 15 janvier, un IED a été déclenché au passage d'un convoi militaire sur l'axe Bamenda (05°57'34""N 10°08'45""E) - Mbengwi (06°00'45""N 10°01'09""E) immobilisant le convoi pendant plusieurs heures. Un soldat est décédé lors de l'attaque.</p>";"EMPLACED - IED";UNKNOWN;"";"";"NULL";"NULL";"NULL";"NULL";"NULL";"NULL";"NULL";"NULL";0;0;0;0;0;1;0;0;0;0;0;"FORCES ARMEES CAMEROUNAISES"
0.88405664409321;10.937146782679;"31P BN 68748 09840";"TOGO-FAT--23-000003";"2023-01-14 08:25";"TOGO";"Explosion";"IED";"Patrouille motorisée";"<p>Le 14 janvier, un véhicule militaire aurait déclenché un IED à proximité de Tiwoli. Le bilan serait de 3 morts et 2 blessés. 1 véhicule endommagé.</p>";"EMPLACED - IED";UNKNOWN;"";"";"NULL";"NULL";"NULL";"NULL";"NULL";"NULL";"NULL";"NULL";0;0;0;0;0;3;2;0;0;0;0;"FORCES ARMEES TOGOLAISES"
0.60766912593572;12.023874635551;"31P BP 39526 30326";"BURK-CVIL-23-000003";"2023-01-14 08:39";"BURKINA-FASO";"Suspicion";"IED";"Emprise civile";"<p>Le 14 janvier, des GAT ont contrôlé les usagers de la RN4 et leur ont conseillé de se tenir à l'écart du futur convoi de la mine de Boungou car la route sera minée. Les GAT ont également recommandé à la population du village de Namoungou (31P CP 59080 11671) de quitter le village avant le passage du prochain convoi pour éviter d'être prise pour cible par les FDS.</p>";"";;"";"";"NULL";"NULL";"NULL";"NULL";"NULL";"NULL";"NULL";"NULL";0;0;0;0;0;0;0;0;0;0;0;"CIVIL"
-0.9049042040462;13.139665792444;"30P YV 27113 53525";"BURK-FABF-23-000004";"2023-01-13 23:59";"BURKINA-FASO";"Cache";"IED";"Opération de fouille";"<p>Dans la nuit du 13 au 14 janvier, une base logistique GAT a été détruite par l'armée burkinabèse près de Ouanobia. Des IED auraient été découverts et détruits.</p>";"";;"";"";"NULL";"NULL";"NULL";"NULL";"NULL";"NULL";"NULL";"NULL";0;0;0;0;0;0;0;0;0;0;0;"FORCES ARMEES BURKINABE"
12.227841724827;13.162399458897;"33P SQ 99474 56751";"NIGE-FANR-23-000003";"2023-01-13 10:38";"NIGER";"Suspicion";"IED";"Emprise civile";"<p>Le 13 janvier, des IED seraient en cours d'acheminement auprès d'un groupe de l'EI-AO opérant entre Diffa et Maine Soroa</p>";"EMPLACED - IED";UNKNOWN;"";"";"NULL";"NULL";"NULL";"NULL";"NULL";"NULL";"NULL";"NULL";0;0;0;0;0;0;0;0;0;0;0;"FORCES ARMEES NIGERIENNES"
-0.67104630710391;13.27547222928;"30P YV 52336 68777";"BURK-FABF-23-000002";"2023-01-12 22:44";"BURKINA-FASO";"Explosion";"IED";"Patrouille motorisée";"<p>Le 12 janvier, une unité Cobra a tenté de désamorcer un IED dans la région de Kaya. Durant l'opération, il y aurait eu 2 morts et 6 blessés. </p>";"EMPLACED - IED";UNKNOWN;"";"";"NULL";"NULL";"NULL";"NULL";"NULL";"NULL";"NULL";"NULL";0;0;0;0;0;2;6;0;0;0;0;"FORCES ARMEES BURKINABE"
-1.0432481805265;13.186426324007;"30P YV 12070 58578";"BURK-FBSB-23-000005";"2023-01-11 10:24";"BURKINA-FASO";"Explosion";"IED";"Patrouille motorisée";"<p>Le 11 janvier, un véhicule des FDS en mission sur l'axe Kaya-Barsalogho a été endommagé par l'explosion d'un IED à hauteur du village de Kalambaogo situé 18km à l'Est de Kaya. Le bilan est de 4 blessés chez les FDS.</p>";"EMPLACED - IED";UNKNOWN;"";"";"NULL";"NULL";"NULL";"NULL";"NULL";"NULL";"NULL";"NULL";0;0;0;0;0;0;4;0;0;0;0;"FORCES DE SECURITE BURKINABESE"
-2.2048201791639;12.861343181545;"30P WV 86280 21935";"BURK-CVIL-23-000002";"2023-01-10 10:17";"BURKINA-FASO";"Explosion";"IED";"Déplacement VHL civil";"<p>Le 10 janvier, un IED a explosé contre un civil en mouvement à moto à Leba sur l'axe Sanh-Bouloulou. Bilan : 1 mort.</p>";"EMPLACED - IED";UNKNOWN;"";"";"NULL";"NULL";"NULL";"NULL";"NULL";"NULL";"NULL";"NULL";0;0;0;0;0;0;0;1;0;0;0;"CIVIL"
-3.5486514303944;12.500269386641;"30P VU 40385 81935";"BURK-FBSB-23-000004";"2023-01-10 16:45";"BURKINA-FASO";"Explosion";"IED";"Patrouille motorisée";"<p>Le 10 janvier vers 16h45, un IED a explosé au passage d'une équipe du GARSI de Toéni sur l'axe Dédougou-Toéni à la hauteur du village de Dounkou. Le bilan fait état de 2 FDS tués.</p>";"EMPLACED - IED";UNKNOWN;"";"";"NULL";"NULL";"NULL";"NULL";"NULL";"NULL";"NULL";"NULL";0;0;0;0;0;0;0;0;0;0;0;"FORCES DE SECURITE BURKINABESE"
-4.9857103564097;14.245749000772;"30P TA 85753 75819";"MALI-FAMA-23-000001";"2023-01-10 10:26";"MALI";"Explosion";"IED";"Patrouille motorisée";"<p>Le 10 janvier, un IED a explosé au passage d'une patrouille FAMA sur l'axe entre Dia et Diafarabé.</p>";"EMPLACED - IED";UNKNOWN;"";"";"NULL";"NULL";"NULL";"NULL";"NULL";"NULL";"NULL";"NULL";0;0;0;0;0;0;0;0;0;0;0;"FORCES ARMEES MALIENNES"
-5.2208646391654;14.046001880594;"30P TA 60161 53942";"MALI-FAMA-23-000002";"2023-01-10 10:28";"MALI";"Attaque complexe";"IED + ALI";"Patrouille motorisée";"<p>Le 10 janvier, un IED a explosé au passage d'une patrouille FAMA sur l'axe entre Koumara et Macina.&nbsp;L'explosion aurait été suivi d'une attaque à l'ALI.</p><p>Même patrouille que l'incident  MALI-FAMA-23-000001</p><p><br></p>";"EMPLACED - IED";UNKNOWN;"";"";"NULL";"NULL";"NULL";"NULL";"NULL";"NULL";"NULL";"NULL";0;0;0;0;0;0;0;0;0;0;0;"FORCES ARMEES MALIENNES"
-3.3810541090928;16.595397504516;"30Q VD 59353 34835";"MALI-FAMA-23-000003";"2023-01-10 10:32";"MALI";"Explosion";"IED";"Patrouille motorisée";"<p>Le 10 janvier, un IED aurait explosé au passage d'un véhicule FAMa entre Goundam et Tombouctou.</p>";"EMPLACED - IED";UNKNOWN;"";"";"NULL";"NULL";"NULL";"NULL";"NULL";"NULL";"NULL";"NULL";0;0;0;0;0;0;0;0;0;0;0;"FORCES ARMEES MALIENNES"
-3.3094444444444;16.638611111111;"30Q VD 66999 39602";"MALI-FAMA-23-000004";"2023-01-10 10:40";"MALI";"Découverte apres Mise en place";"IED";"Patrouille motorisée";"<p>Le 10 janvier, une patrouille FAMA (GTIA-11 de Léré) a découvert et détruit sur place un IED au Nord-Ouest d'Acharane (N163819 W0031834).</p>";"EMPLACED - IED";UNKNOWN;"";"";"NULL";"NULL";"NULL";"NULL";"NULL";"NULL";"NULL";"NULL";0;0;0;0;0;0;0;0;0;0;0;"FORCES ARMEES MALIENNES"
1.7975250761706;13.091516952062;"31P CQ 69641 47566";"NIGE-FANR-23-000002";"2023-01-10 08:16";"NIGER";"Explosion";"IED";"Patrouille motorisée";"<p>Autour du 10 janvier, un IED a explosé au passage d'un convoi FAN de l'opératon NIYA sur la RN6 faisant 4 blessés légers.</p>";"EMPLACED - IED";UNKNOWN;"";"";"NULL";"NULL";"NULL";"NULL";"NULL";"NULL";"NULL";"NULL";0;0;0;0;0;0;4;0;0;0;0;"FORCES ARMEES NIGERIENNES"
13.743548510171;13.917738827547;"33P UR 64257 38986";"TCHA-FATC-23-000001";"2023-01-09 14:20";"TCHAD";"Explosion";"IED";"Convoi Logistique";"<p>Le 9 janvier vers 14h20, un IED a explosé au passage d'un véhicule tchadien transportant des civils travaillant à la construction d'un pont sur l'axe entre Kiskawa et Kaiga Kindjira. Le bilan serait de 7 blessés (3 civils et 4 militaires)</p>";"EMPLACED - IED";UNKNOWN;"";"";"NULL";"NULL";"NULL";"NULL";"NULL";"NULL";"NULL";"NULL";0;0;0;0;0;0;4;0;3;0;0;"FORCES ARMEES TCHADIENNES"
0.33781679835732;13.662000579724;"31P BR 12000 11926";"BURK-FBSB-23-000003";"2023-01-09 10:15";"BURKINA-FASO";"Explosion";"IED";"Convoi Logistique";"<p>Le 9 janvier, un IED a explosé à Titabé sur l'axe Sebba-Dori, lors du retour d'un convoi de ravitaillement de Sebba. L'IED a explosé alors que les FDS de l'escorte tentaient de le désamorcer. Un FDS a été blessé.</p>";"EMPLACED - IED";UNKNOWN;"";"";"NULL";"NULL";"NULL";"NULL";"NULL";"NULL";"NULL";"NULL";0;0;0;0;0;0;1;0;0;0;0;"FORCES DE SECURITE BURKINABESE"
15.501234768369;5.9410026817707;"33N WG 55478 56708";"RCA--CVIL-23-000001";"2023-01-08 13:45";"RCA-REPUBLIQUE CENTRAFRIC";"Explosion";"EO";"Emprise civile";"<p>Le 8 janvier, un engin explosif a explosé dans une maison du village de Yongo. Le bilan serait de quatre blessés dont 2 enfants.</p>";"";;"";"";"NULL";"NULL";"NULL";"NULL";"NULL";"NULL";"NULL";"NULL";0;0;0;0;0;0;0;0;4;0;0;"CIVIL"
12.636339892849;11.031852946217;"33P TN 41744 20521";"NIGE-NAF.-23-000003";"2023-01-08 08:42";"NIGERIA";"Explosion";"IED";"Patrouille motorisée";"<p>Le 8 janvier, les GAT ont fait exploser un engin explosif sur une patrouille de l'armée nigériane entre les villes de Wajiroko et Dampoa<span style=""background-color: rgba(0, 0, 0, 0.04);"">, dans l'état du Borno.</span></p>";"EMPLACED - IED";UNKNOWN;"";"";"NULL";"NULL";"NULL";"NULL";"NULL";"NULL";"NULL";"NULL";0;0;0;0;0;0;0;0;0;0;0;"FORCE ARMEES NIGERIANES"
14.025574058984;12.20648238049;"33P UP 94001 49576";"NIGE-OPEN-23-000001";"2023-01-07 18:28";"NIGERIA";"Explosion";"IED";"Déplacement VHL civil";"<p>Le 7 janvier, suite à une mauvaise manipulation, plusieurs terroristes sont mort dans l'explosion d'un IED sur l'axe Dikwa (12°02'06""N 13°55'07"") - Wulgo (12°27'48""N 14°08'05""E). Les insurgés préparaient un obstacle pour stopper le cortège du gouverneur de l'état du Borno pendant sa visite dans le secteur.</p>";"EMPLACED - IED";UNKNOWN;"";"";"NULL";"NULL";"NULL";"NULL";"NULL";"NULL";"NULL";"NULL";0;0;0;0;0;0;0;0;0;0;0;"OPEN SOURCE"
1.5619444444444;12.850555555556;"31P CQ 43947 21044";"NIGE-FANR-23-000001";"2023-01-07 11:40";"NIGER";"Découverte apres Mise en place";"IED";"Patrouille motorisée";"<p>Le 7 janvier, au cours d'un déplacement en direction de Nanbiti, la 713ème CSI a découvert et détruit un IED aux coordonnées N125102 E0013343.</p>";"EMPLACED - IED";UNKNOWN;"";"";"NULL";"NULL";"NULL";"NULL";"NULL";"NULL";"NULL";"NULL";0;0;0;0;0;0;0;0;0;0;0;"FORCES ARMEES NIGERIENNES"
13.588014581184;13.563899239802;"33P UQ 47221 99938";"NIGE-OPEN-23-000002";"2023-01-07 23:59";"NIGERIA";"Cache";"EO";"Emprise civile";"<p>Entre le 7 et le 8 janvier, le groupe terroriste JAS a attaqué deux positions de l'ISWAP au Nord Est du Lac Tchad. Les positions étaient au Nord de Kayowa et à Toumbun Gini. 35 terroristes auraient été tué. Le JAS se serait emparé de nombreuses munitions.</p>";"";;"";"";"NULL";"NULL";"NULL";"NULL";"NULL";"NULL";"NULL";"NULL";0;0;0;0;0;0;0;0;0;35;0;"OPEN SOURCE"
5.4650152542861;11.989621820314;"31P GP 68425 26606";"NIGE-NAF.-23-000004";"2023-01-07 08:46";"NIGERIA";"Cache";"EO";"Déplacement VHL civil";"<p>Le 7 ou 8 janvier, la police de l'état du Zamfara a appréhendé un véhicule Toyota sur l'axe Anka (11°57'38""N 005°59'11""E)-Gummi. Le véhicule transportait des RPG7 et des AK47 avec les roquettes et les munitions associées.</p><p>Bilan : 4 membres BH morts.</p>";"";;"";"";"NULL";"NULL";"NULL";"NULL";"NULL";"NULL";"NULL";"NULL";0;0;0;0;0;0;0;0;0;4;0;"FORCE ARMEES NIGERIANES"
-4.2070973764593;13.811409769012;"30P UA 69530 27197";"MALI-CVIL-23-000001";"2023-01-06 11:56";"MALI";"Explosion";"IED";"Déplacement VHL civil";"<p>Le 6 janvier, un IED aurait explosé à Timissa dans le cercle de Tominian. Le bilan serait de 2 femmes tués et 2 autres blessés.</p>";"EMPLACED - IED";UNKNOWN;"";"";"NULL";"NULL";"NULL";"NULL";"NULL";"NULL";"NULL";"NULL";0;0;0;0;0;0;0;2;2;0;0;"CIVIL"
-4.0518851119133;14.238428045572;"30P UA 86518 74351";"MALI-CVIL-23-000002";"2023-01-06 11:59";"MALI";"Explosion";"IED";"Déplacement VHL civil";"<p>Le 6 janvier, un IED aurait explosé à Sio entre Somadougou et Modjedjé faisant un blessé.</p>";"EMPLACED - IED";UNKNOWN;"";"";"NULL";"NULL";"NULL";"NULL";"NULL";"NULL";"NULL";"NULL";0;0;0;0;0;0;0;0;1;0;0;"CIVIL"
12.612297710326;11.014666542397;"33P TN 39100 18640";"NIGE-NAF.-23-000001";"2023-01-05 10:03";"NIGERIA";"Explosion";"IED";"Patrouille motorisée";"<p>Le 5 janvier, sur la route entre Wajiroko et Dampoa, Un IED a explosé au passage d'une patrouille <span style=""background-color: rgba(0, 0, 0, 0.04);"">de la 25ème brigade de Wajiroko</span> détruisant un véhicule de type MRAP. L'explosion n'a pas causé de perte. </p>";"EMPLACED - IED";UNKNOWN;"";"";"NULL";"NULL";"NULL";"NULL";"NULL";"NULL";"NULL";"NULL";0;0;0;0;0;0;0;0;0;0;0;"FORCE ARMEES NIGERIANES"
0.41361681588779;12.593768843013;"31P BP 18992 93596";"BURK-CVIL-23-000001";"2023-01-04 23:31";"BURKINA-FASO";"Autre incident";"IED";"Emprise civile";"<p>Dans la nuit du 4 au 5 janvier, des terroristes ont détruit le pont de Oué avec au moins 3 engins explosifs isolant la ville de Gayeri du reste du pays. Les populations des localités environnantes sont sommés de quitter la région.</p>";"EMPLACED - IED";UNKNOWN;"";"";"NULL";"NULL";"NULL";"NULL";"NULL";"NULL";"NULL";"NULL";0;0;0;0;0;0;0;0;0;0;0;"CIVIL"
-1.0381998677757;13.242619061019;"30P YV 12569 64800";"BURK-FBSB-23-000002";"2023-01-04 11:44";"BURKINA-FASO";"Attaque complexe";"IED + ALI";"Patrouille motorisée";"<p>Le 4 janvier, des GAT ont tendu une embuscade à une équipe mixte FDS/VDP sur l'axe Kaya-Barsalogo à hauteur de Tamassogo. La patrouille a découvert un IED qu'elle a commencé à neutraliser lorsque les GAT ont ouvert le feu. Aucun bilan connu</p>";"";;"";"";"NULL";"NULL";"NULL";"NULL";"NULL";"NULL";"NULL";"NULL";0;0;0;0;0;0;0;0;0;0;0;"FORCES DE SECURITE BURKINABESE"
0.43166666666667;13.613055555556;"31P BR 22102 06399";"BURK-FABF-23-000001";"2023-01-03 09:10";"BURKINA-FASO";"Découverte apres Mise en place";"IED";"Patrouille motorisée";"<p>Le 3 janvier vers 11h, une unité Cobra a découvert et neutralisé un IED à l'entrée du village d'Ouro Aladji.</p>";"EMPLACED - IED";UNKNOWN;"";"";"NULL";"NULL";"NULL";"NULL";"NULL";"NULL";"NULL";"NULL";0;0;0;0;0;0;0;0;0;0;0;"FORCES ARMEES BURKINABE"
3.0877381954394;12.011659976997;"31P EP 09550 27844";"BENI-CVIL-23-000001";"2023-01-02 08:43";"BENIN";"Explosion";"IED";"Déplacement VHL civil";"<p>Le 1er ou le 2 janvier, un IED a tué deux civils lors de leur passage en véhicule sur l'axe reliant Kofouno - Mamassi au nord du Bénin.&nbsp;</p><p>Posé à proximité d'un camp de la Gendarmerie, l'IED visait probablement cette unité.</p>";"EMPLACED - IED";UNKNOWN;"";"";"NULL";"NULL";"NULL";"NULL";"NULL";"NULL";"NULL";"NULL";0;0;0;0;0;0;0;2;0;0;0;"CIVIL"
0.88568552982998;10.946669325473;"31P BN 68933 10892";"TOGO-FAT--23-000001";"2023-01-02 08:49";"TOGO";"Attaque complexe";"IED + ALI";"Patrouille motorisée";"<p>Le 2 janvier, une attaque complexe a eu lieu dans la région de Tiwoli, sur l'axe Tiwoli (31PBN 65059 10519)-Lalabiga (31PBN 68959 10225). Le bilan serait de 3 morts et 1 blessés pour les FDS</p>";"EMPLACED - IED";UNKNOWN;"";"";"NULL";"NULL";"NULL";"NULL";"NULL";"NULL";"NULL";"NULL";0;0;0;0;0;3;1;0;0;0;0;"FORCES ARMEES TOGOLAISES"
6.9927868043697;5.7184792043553;"32N KM 77706 32472";"NIGE-NAF.-23-000002";"2023-01-02 11:54";"NIGERIA";"Explosion";"IED";"Emprise partenaire";"<p>Le 2 janvier, une attaque avec une bombe artisanale a eu lieu contre un commissariat de police à proximité de Afor Atta, LGA de Njaba, état d'Imo.</p>";"EMPLACED - IED";UNKNOWN;"";"";"NULL";"NULL";"NULL";"NULL";"NULL";"NULL";"NULL";"NULL";0;0;0;0;0;0;0;0;0;0;0;"FORCE ARMEES NIGERIANES"
10.145833333333;5.9594444444444;"32N PM 26826 58853";"CAME-CVIL-23-000001";"2023-01-01 09:00";"CAMEROUN";"Explosion";"IED";"Emprise civile";"<p>Le 1er janvier vers 09h, une bombe a explosée au carrefour des brasseries à Bamenda. Il n'y a pas eu de victime. Ceux qui ont fait sauté la bombe ont tirés quelques coups de feu avant de rompre le contact.</p>";"EMPLACED - IED";UNKNOWN;"";"";"NULL";"NULL";"NULL";"NULL";"NULL";"NULL";"NULL";"NULL";0;0;0;0;0;0;0;0;0;0;0;"CIVIL"
3.2309259872224;11.931432445397;"31P EP 25144 18982";"BENI-OPEN-23-000001";"2023-01-01 08:47";"BENIN";"Suspicion";"IED";"Patrouille motorisée";"<p>Le 1er janvier, une personne de la région de Gaya (Niger) renseignerait sur les mouvements de véhicules sur une route à proximité de la mosquée de Karci et sur la possibilité d'enterrer un bidon sur cet axe.</p><p>Karci est inconnu de la base géo. Possible Kargui au Bénin sur RN15 en direction du parc W.&nbsp;</p>";"";;"";"";"NULL";"NULL";"NULL";"NULL";"NULL";"NULL";"NULL";"NULL";0;0;0;0;0;0;0;0;0;0;0;"OPEN SOURCE"
2.1877727663859;12.746176818493;"31P DQ 11829 09204";"NIGE-FANR-23-000007";"2023-01-01 10:44";"NIGER";"Explosion";"IED";"Patrouille motorisée";"<p>Le 1er janvier, suite à une embuscade à proximité de Tamou, un RCIED, placé dans un arbre, aurait explosé juste après l'arrivée de la QRF sans faire de bilan.</p>";"";;"";"";"NULL";"NULL";"NULL";"NULL";"NULL";"NULL";"NULL";"NULL";0;0;0;0;0;0;0;0;0;0;0;"FORCES ARMEES NIGERIENNES"
-2.6003055555556;16.830097222222;"30Q WD 42583 60802";"MALI-MIMA-22-000079";"2022-12-29 09:30";"MALI";"Attaque complexe";"IED + ALI";"Convoi forces partenaires";"<p>Le 29 décembre, un convoi du CIVBAT a subit une attaque complexe à 7km du camp de BER (16°49’48.35’’N 002°36’01.10’’W). Le bilan serait d'un blessé catégorisé B. Après l'incident, une équipe EOD Camerounaise s'est rendu sur le site de l'incident pour conduire une investigation post-blast.&nbsp;</p>";"EMPLACED - IED";UNKNOWN;"";"";"NULL";"NULL";"NULL";"NULL";"NULL";"NULL";"NULL";"NULL";0;0;0;0;0;0;1;0;0;0;0;"MINUSMA"
-1.5492429094974;13.467927599142;"30P XV 57037 89346";"BURK-FBSB-22-000049";"2022-12-29 14:15";"BURKINA-FASO";"Explosion";"IED";"Patrouille motorisée";"<p>Le 29 décembre vers 14h15, un véhicule blindé des FDS aurait explosé sur un IED à 20km au Sud de Bourzanga. Le bilan serait de 3 membres des FDS blessés. Les FDS étaient probablement l'escorte d'un convoi entre Ouagadougou et Djibo.</p>";"";;"Mines";"";"NULL";"NULL";"NULL";"NULL";"NULL";"NULL";"NULL";"NULL";0;0;0;0;0;0;3;0;0;0;0;"FORCES DE SECURITE BURKINABESE"
1.7255555555556;12.939166666667;"31P CQ 61753 30752";"NIGE-FANR-22-000050";"2022-12-29 15:57";"NIGER";"Explosion";"IED";"Patrouille motorisée";"<p>Le 29 décembre, une patrouille FAN de l'opération NIYA, en reconnaissance sur l'axe Makalondi - Nikitire - Torodi a explosé sur un IED à hauteur des antennes de Nikitiré (Incident en : N125621 E0014332). Le bilan serait de 4 blessés légers.</p>";"EMPLACED - IED";UNKNOWN;"";"";"NULL";"NULL";"NULL";"NULL";"NULL";"NULL";"NULL";"NULL";0;0;0;0;0;0;4;0;0;0;0;"FORCES ARMEES NIGERIENNES"
6.2385238662581;7.555143196567;"32N JP 95252 36084";"NIGE-CVIL-22-000040";"2022-12-29 09:00";"NIGERIA";"Explosion";"IED";"Emprise civile";"<p>Le 29 décembre à 09h00, une voiture piégée, modèle Golf , qui n'a pas pu entrer dans l'hôpital général a explosé à Okene <span style=""background-color: rgba(0, 0, 0, 0.04);"">dans le périmètre du palais Ohinoyui d'Ebira (résidence d'une autorité traditionnelle) </span>quelques heures avant la visite du président Buhari faisant trois morts et provoquant d'importants dégâts. L'attaque a été revendiquée par l'ISWAP.</p><p>Les concepteurs de l'attaque ont été arrêtés le 3 janvier 2023.</p>";"EMPLACED - IED";UNKNOWN;"";"";"NULL";"NULL";"NULL";"NULL";"NULL";"NULL";"NULL";"NULL";0;0;0;0;0;0;0;3;0;0;0;"CIVIL"
13.805183811323;11.008769015391;"33P UN 69468 17208";"CAME-FACR-22-000024";"2022-12-29 10:12";"CAMEROUN";"Découverte avant Mise en place";"IED + ALI";"Patrouille motorisée";"<p>Le 29 décembre, une patrouille du 42ème BIM sont tombés dans une embuscade de combattants de BH qui piégeaient l'axe Ldaoulstaf-Zeleved <span style=""background-color: rgba(0, 0, 0, 0.04);"">à proximité de Ldaoultsaf</span>. Bilan FDS 1mort et 2 blessés.</p>";"EMPLACED - IED";UNKNOWN;"";"";"NULL";"NULL";"NULL";"NULL";"NULL";"NULL";"NULL";"NULL";0;0;0;0;0;1;2;0;0;0;0;"FORCES ARMEES CAMEROUNAISES"
13.696860104227;13.962389140907;"33P UR 59239 43953";"TCHA-CVIL-22-000006";"2022-12-29 11:13";"TCHAD";"Explosion";"IED";"Déplacement VHL civil";"<p><span style=""background-color: rgba(0, 0, 0, 0.04);"">Le 29 décembre 2022,</span> un animal domestique a déclenché une explosion au lac TCHAD. Cette explosion a eu lieu au bord de l’eau dans la région de KAIGA KINDJARA sans faire de victime humaine.</p>";"EMPLACED - IED";UNKNOWN;"";"";"NULL";"NULL";"NULL";"NULL";"NULL";"NULL";"NULL";"NULL";0;0;0;0;0;0;0;0;0;0;0;"CIVIL"
-4.6053888372296;9.9317377135872;"30P UR 23998 98290";"BURK-FBSB-23-000001";"2022-12-29 10:17";"BURKINA-FASO";"Découverte apres Mise en place";"IED";"Patrouille démotorisée";"<p>Le 29 décembre, des VDP, lors d'une patrouille, ont découvert et désamorcé un IED sur l'axe Mangodara-Folonzo à hauteur de la localité de Bondokôrô-Dôgôssê.</p>";"EMPLACED - IED";UNKNOWN;"";"";"NULL";"NULL";"NULL";"NULL";"NULL";"NULL";"NULL";"NULL";0;0;0;0;0;0;0;0;0;0;0;"FORCES DE SECURITE BURKINABESE"
1.5383369611433;12.475632168225;"31P CP 41153 79586";"BURK-CVIL-22-000075";"2022-12-28 09:55";"BURKINA-FASO";"Découverte apres Mise en place";"IED";"Déplacement VHL civil";"<p>Le 28 décembre, des habitants ont trouvé un IED à la sortie de Kantchari sur l'axe Kantchari-Botou. Les FDS ont neutralisé l'engin.</p>";"EMPLACED - IED";UNKNOWN;"";"";"NULL";"NULL";"NULL";"NULL";"NULL";"NULL";"NULL";"NULL";0;0;0;0;0;0;0;0;0;0;0;"CIVIL"
6.8558261724605;10.245330143029;"32P KS 65134 33319";"NIGE-OPEN-22-000005";"2022-12-27 09:35";"NIGERIA";"Explosion";"IED";"Convoi Logistique";"<p>Le 27 décembre, un IED a explosé sur la route entre Chukuba (N101449 E0065121) et Afapi, LGA de Shiroro, état du Niger.</p>";"EMPLACED - IED";UNKNOWN;"";"";"NULL";"NULL";"NULL";"NULL";"NULL";"NULL";"NULL";"NULL";0;0;0;0;0;0;2;0;0;0;0;"OPEN SOURCE"
0.43584939894639;12.05862671101;"31P BP 20843 34342";"BURK-CVIL-22-000073";"2022-12-25 09:18";"BURKINA-FASO";"Explosion";"IED";"Déplacement VHL civil";"<p>Le 25 décembre, un IED a explosé au passage d'un bus au niveau de la commune de Bougui (0,430 12,058). L'explosion a fait 27 morts. Le car, au départ de Fada N'Gourma, se déplaçait en direction de Kantachari.</p>";"EMPLACED - IED";UNKNOWN;"";"";"NULL";"NULL";"NULL";"NULL";"NULL";"NULL";"NULL";"NULL";0;0;0;0;0;0;0;27;0;0;0;"CIVIL"
-2.6030068369602;13.37358751392;"30P WV 42985 78484";"BURK-FBSB-22-000047";"2022-12-24 09:14";"BURKINA-FASO";"Explosion";"IED";"Patrouille motorisée";"<p>Le 24 décembre, un unité FDS se déplaçant sur l'axe ZOGORE (30PWV 44053 81010) - GOMBORO (30PWV 24201 90733) a déclenché l'explosion d'un IED. Le bilan fait état de 2 morts et 3 blessés.</p>";"EMPLACED - IED";UNKNOWN;"";"";"NULL";"NULL";"NULL";"NULL";"NULL";"NULL";"NULL";"NULL";0;0;0;0;0;0;0;0;0;0;0;"FORCES DE SECURITE BURKINABESE"
0.96748177621422;12.241713929922;"31P BP 78898 54113";"BURK-FBSB-22-000048";"2022-12-24 09:23";"BURKINA-FASO";"Explosion";"IED";"Patrouille motorisée";"<p>Le 24 décembre, un véhicule de FDS a explosé sur un IED sur l'axe Matiacoali (1,025 12,363) Ougarou (0,927 12,153). Bilan : quatre FDS blessés.</p><p><br></p><p>Les FDS participaient à l'escorte d'un convoi de la mine d'or de Boungoun. L'escorte a trouvé et neutralisé 3 autres IED.</p>";"EMPLACED - IED";UNKNOWN;"";"";"NULL";"NULL";"NULL";"NULL";"NULL";"NULL";"NULL";"NULL";0;0;0;0;0;0;4;0;0;0;0;"FORCES DE SECURITE BURKINABESE"
0.99874333404934;12.320548443735;"31P BP 82365 62810";"BURK-CVIL-22-000074";"2022-12-23 13:00";"BURKINA-FASO";"Explosion";"IED";"Déplacement VHL civil";"<p>Le 23 décembre vers 13h, un IED a explosé contre un motocycliste à 5km de Matiacoali. Il a été blessé et la moto endommagée.</p>";"EMPLACED - IED";UNKNOWN;"";"";"NULL";"NULL";"NULL";"NULL";"NULL";"NULL";"NULL";"NULL";0;0;0;0;0;0;0;0;1;0;0;"CIVIL"
8.3269444444444;4.9588888888889;"32N ML 25382 48157";"NIGE-NAF.-22-000067";"2022-12-22 08:54";"NIGERIA";"Cache";"IED + ALI";"Opération de fouille";"<p>Le 20 décembre, 3 personnes, suspectés d'être membres de l'IPOB, ont été arrêtées à Calabar, dans l'état de Cross River. En plus de l'armement, 4 IED auraient été saisis par les FDS</p>";"";;"";"";"NULL";"NULL";"NULL";"NULL";"NULL";"NULL";"NULL";"NULL";0;0;0;0;0;0;0;0;0;0;0;"FORCE ARMEES NIGERIANES"
1.5359823936364;11.973501343052;"31P CP 40596 24046";"BURK-FABF-22-000055";"2022-12-21 09:00";"BURKINA-FASO";"Explosion";"IED";"Convoi Logistique";"<p>Le 21 décembre à 09h00, deux IED ont explosé au passage d'un convoi de la mine de Boungou (31P CP 25534 29353) à 15km de cette dernière sur l'axe Boungou-Partiaga, région Est. Le bilan serait de 2 morts et 6 blessés.</p>";"EMPLACED - IED";UNKNOWN;"";"";"NULL";"NULL";"NULL";"NULL";"NULL";"NULL";"NULL";"NULL";0;0;0;0;0;2;6;0;0;0;0;"FORCES ARMEES BURKINABE"
14.151936013466;11.257709599085;"33P VN 07432 44608";"NIGE-CVIL-22-000039";"2022-12-21 09:11";"NIGERIA";"Explosion";"IED";"Emprise civile";"<p>Le 21 décembre, un enfant qui ramassait de la ferraille a fait explosé un IED à Banki  dans le LGA de Bama. Bilan : 1 mort et 2 blessés.</p>";"EMPLACED - IED";UNKNOWN;"";"";"NULL";"NULL";"NULL";"NULL";"NULL";"NULL";"NULL";"NULL";0;0;0;0;0;0;0;1;2;0;0;"CIVIL"
-3.9262541308831;13.078809444398;"30P UV 99583 46034";"BURK-OPEN-22-000005";"2022-12-20 10:13";"BURKINA-FASO";"Suspicion";"IED";"Emprise civile";"<p>Le 20 décembre, des IED seraient posés sur les principaux axes qui mènent à la localité de Barani.</p>";"";;"";"";"NULL";"NULL";"NULL";"NULL";"NULL";"NULL";"NULL";"NULL";0;0;0;0;0;0;0;0;0;0;0;"OPEN SOURCE"
1.3711111111111;12.865833333333;"31P CQ 23245 22858";"NIGE-FANR-22-000048";"2022-12-20 10:15";"NIGER";"Cache";"IED";"Patrouille motorisée";"<p>Le 20 décembre matin, la Cie TAP de Boni en mission de reconnaissance a trouvé et détruit du matériel IED dans le village de Kankanmoani en N125157 E0012216.</p>";"COMP - IED Components";COMP - IED Components;"";"";"NULL";"NULL";"NULL";"NULL";"NULL";"NULL";"NULL";"NULL";0;0;0;0;0;0;0;0;0;0;0;"FORCES ARMEES NIGERIENNES"
7.8308559617377;6.551040568023;"32N LN 70738 24268";"NIGE-NAF.-22-000070";"2022-12-19 09:26";"NIGERIA";"Cache";"IED + EO";"Opération de fouille";"<p>Le 19 décembre, des troupes de l'opération GOLDEN DAWN II réalisant une opération de fouille ont trouvé un camp de l'IPOB dans la foret d'Amagu à proximité de Nkalaha, LGA d'Ishielu, état d'Ebonyi. 13 grenades à main et 210 détonateurs ont été trouvés.</p>";"";;"Grenades";"Non précisé";"NULL";"NULL";"NULL";"NULL";"NULL";"NULL";"NULL";"NULL";0;0;0;0;0;0;0;0;0;0;0;"FORCE ARMEES NIGERIANES"
0.092168350432797;14.654011581569;"31P AS 86771 22070";"BURK-CVIL-22-000072";"2022-12-18 20:50";"BURKINA-FASO";"Explosion";"IED";"Déplacement VHL civil";"<p>Le 18 décembre vers 20h50, une explosion a eu lieu sur la route menant au village de Tokambagou. L'explosion a eu lieu au passage d'une charrette. Le bilan serait de 3 morts et 4 blessés..</p>";"EMPLACED - IED";UNKNOWN;"";"";"NULL";"NULL";"NULL";"NULL";"NULL";"NULL";"NULL";"NULL";0;0;0;0;0;0;0;3;4;0;0;"CIVIL"
2.1409638284506;12.79372280209;"31P DQ 06765 14479";"NIGE-FANR-22-000053";"2022-12-18 16:55";"NIGER";"Découverte apres Mise en place";"IED";"Patrouille motorisée";"<p>Le 18 décembre, un IED a été découvert et neutralisé par le GARSI sur l'axe Tamou-Bantoularé à environ 8km de Tamou.</p>";"EMPLACED - IED";UNKNOWN;"";"";"NULL";"NULL";"NULL";"NULL";"NULL";"NULL";"NULL";"NULL";0;0;0;0;0;0;0;0;0;0;0;"FORCES ARMEES NIGERIENNES"
-0.54112433751481;13.984711055567;"30P YA 65625 47413";"BURK-FABF-22-000054";"2022-12-17 08:31";"BURKINA-FASO";"Explosion";"IED";"Convoi forces partenaires";"<p>Le 17 décembre, un IED a explosé au passage d'une équipe des FDS sur l'axe Silmagui (30P YA 56719 36612)-Gorgadji (30P YA 67906 52759), province de Seno, région du Sahel. Le bilan est de 2 morts et 5 blessés.. Les militaires effectuaient un mission de ravitaillement et circulaient en direction de Gorgadji.</p>";"EMPLACED - IED";UNKNOWN;"";"";"NULL";"NULL";"NULL";"NULL";"NULL";"NULL";"NULL";"NULL";0;0;0;0;0;2;5;0;0;0;0;"FORCES ARMEES BURKINABE"
-4.163818359375;14.455958231194;"30P UA 74562 98472";"MALI-FAMA-22-000178";"2022-12-17 08:51";"MALI";"Suspicion";"IED + ALI";"Emprise partenaire";"<p>Le 17 décembre, l'organisation d'attaques suicides serait en cours dans la région de Mopti.</p><p>Ces attaques pourraient viser SEVARE, KONNA, BANDIAGARA et DOUENTZA.</p>";"";;"";"";"NULL";"NULL";"NULL";"NULL";"NULL";"NULL";"NULL";"NULL";0;0;0;0;0;0;0;0;0;0;0;"FORCES ARMEES MALIENNES"
-2.9984931365057;16.746030283102;"30Q WD 00160 51459";"MALI-MIMA-22-000078";"2022-12-16 15:30";"MALI";"Explosion";"IED";"Patrouille motorisée";"<p>Le 16 décembre, une patrouille de la Minusma a été attaquée cet après midi entre 15 et 16 heures vers Tombouctou. Le bilan est de 2 morts, des blessés et des dégâts matériels importants.</p>";"EMPLACED - IED";UNKNOWN;"";"";"NULL";"NULL";"NULL";"NULL";"NULL";"NULL";"NULL";"NULL";0;0;0;0;0;2;0;0;0;0;0;"MINUSMA"
-0.98516442429728;13.098873639855;"30P YV 18445 48940";"BURK-FBSB-22-000045";"2022-12-16 16:15";"BURKINA-FASO";"Explosion";"IED";"Patrouille motorisée";"<p>Le 16 décembre à 16h15, une patrouille de Police, se rendant à Pissila pour renforcer l'unité sur place suite à une attaque la veille, a été la cible d'une attaque complexe sur la RN3 <span style=""background-color: rgba(0, 0, 0, 0.04);""> à Konéan</span>, province du Sanmatenga, région Centre-Nord. 1 véhicule a été endommagé. Aucun bilan humain n'est disponible.</p>";"EMPLACED - IED";UNKNOWN;"";"";"NULL";"NULL";"NULL";"NULL";"NULL";"NULL";"NULL";"NULL";0;0;0;0;0;0;0;0;0;0;0;"FORCES DE SECURITE BURKINABESE"
-4.0584155121276;12.185257303263;"30P UU 84855 47263";"BURK-FBSB-22-000046";"2022-12-15 08:27";"BURKINA-FASO";"Explosion";"IED";"Patrouille motorisée";"<p>Le 15 décembre, une équipe FDS (GUMI1) a sauté sur un IED à Solenzo sur l'axe reliant la commune à Sanaba, province des Bawna, région Boucles du Mohon. Le bilan est de 3 blessés.</p>";"EMPLACED - IED";UNKNOWN;"";"";"NULL";"NULL";"NULL";"NULL";"NULL";"NULL";"NULL";"NULL";0;0;0;0;0;0;3;0;0;0;0;"FORCES DE SECURITE BURKINABESE"
14.00757199332;11.198778122256;"33P UN 91651 38140";"CAME-FACR-22-000023";"2022-12-15 08:59";"CAMEROUN";"Explosion";"IED";"Patrouille motorisée";"<p>Le 15 décembre, des éléments du BIR (Forces Armées Camerounaises) ont mené une offensive contre BH&nbsp;proche des monts Gera près de Kolofata jusqu'au Nigéria. Au cours de cette action, un blindé a été endommagé par un IED sans bilan humain.</p>";"EMPLACED - IED";UNKNOWN;"";"";"NULL";"NULL";"NULL";"NULL";"NULL";"NULL";"NULL";"NULL";0;0;0;0;0;0;0;0;0;0;0;"FORCES ARMEES CAMEROUNAISES"
1.7528322850592;12.992849364713;"31P CQ 64741 36675";"NIGE-FANR-22-000047";"2022-12-13 11:27";"NIGER";"Explosion";"IED";"Patrouille motorisée";"<p>Le 13 décembre vers 09h, un IED aurait explosé au passage d'une moto de la GNN de l'opération NIYA à proximité de Niakitaré près de l'axe Makalondi-Torodi.</p><p>L'IED aurait été placé dans un arbre. Le bilan serait de 2 blessés.</p>";"EMPLACED - IED";UNKNOWN;"";"";"NULL";"NULL";"NULL";"NULL";"NULL";"NULL";"NULL";"NULL";0;0;0;0;0;0;2;0;0;0;0;"FORCES ARMEES NIGERIENNES"
0.80410476865322;13.769502273073;"31P BR 62577 23317";"NIGE-FANR-22-000049";"2022-12-13 10:18";"NIGER";"Découverte apres Mise en place";"IED";"Patrouille motorisée";"<p>Le 13 décembre, un IED a été découvert et neutralisé par les FDS à l'entrée du village de Taka, à 27km au Sud de Tera.</p>";"EMPLACED - IED";UNKNOWN;"";"";"NULL";"NULL";"NULL";"NULL";"NULL";"NULL";"NULL";"NULL";0;0;0;0;0;0;0;0;0;0;0;"FORCES ARMEES NIGERIENNES"
7.1166666666667;5.75;"32N KM 91442 35912";"NIGE-NAF.-22-000065";"2022-12-12 09:58";"NIGERIA";"Attaque complexe";"EO + ALI";"Emprise civile";"<p>Le 12 décembre, des hommes armés ont attaqués l'INEC (Independant National Electoral Commission) de Owerri dans l'état de IMO à l'aide d'explosifs. Les FDS sont intervenus et ont tués 4 assaillants.</p>";"";;"";"";"NULL";"NULL";"NULL";"NULL";"NULL";"NULL";"NULL";"NULL";0;0;0;0;0;0;0;0;0;4;0;"FORCE ARMEES NIGERIANES"
1.7098611111111;12.900205555556;"31P CQ 60029 26451";"NIGE-FANR-22-000051";"2022-12-12 16:13";"NIGER";"Explosion";"IED";"Patrouille motorisée";"<p>Le 12 décembre, un IED aurait explosé au passage d'une patrouille du BM2 (712CSI et 1CSR) en N125400,74 E0014235,5.</p>";"EMPLACED - IED";UNKNOWN;"";"";"NULL";"NULL";"NULL";"NULL";"NULL";"NULL";"NULL";"NULL";0;0;0;0;0;0;0;0;0;0;0;"FORCES ARMEES NIGERIENNES"
1.7355472222222;12.959519444444;"31P CQ 62848 32998";"NIGE-FANR-22-000052";"2022-12-12 16:16";"NIGER";"Découverte apres Mise en place";"IED";"Patrouille motorisée";"<p>Le 12 décembre, un IED aurait été découvert et détruit par une patrouille du BM2 (712CSI + 1CSR) en N125734,27 E0014407,97.</p>";"EMPLACED - IED";UNKNOWN;"";"";"NULL";"NULL";"NULL";"NULL";"NULL";"NULL";"NULL";"NULL";0;0;0;0;0;0;0;0;0;0;0;"FORCES ARMEES NIGERIENNES"
3.879661432201;15.329533183019;"31P ES 94427 94966";"NIGE-GTDI-22-000001";"2022-12-11 11:36";"NIGER";"Découverte apres TIC";"EO";"Opération de fouille";"<p>Le 11 décembre, durant une opération de SSE suite à une frappe effectuée le 10, deux roquettes PG7 ont été découvertes.</p>";"";;"Roquettes";"40MM HEAT TYPE 69";"NULL";"NULL";"NULL";"NULL";"NULL";"NULL";"NULL";"NULL";0;0;0;0;0;0;0;0;0;0;0;"GTD INF"
15.981598194174;21.346094205298;"33Q XD 01783 60769";"TCHA-FATC-22-000010";"2022-12-11 17:30";"TCHAD";"Explosion";"EO";"Patrouille motorisée";"<p>Le 11 décembre à 17h30, un véhicule du G5 SAHEL a sauté sur une mine lors d'une patrouille de reconnaissance à 35km de Wour. Le bilan est de 4 blessés. Le véhicule est détruit.</p>";"";;"Mines";"";"NULL";"NULL";"NULL";"NULL";"NULL";"NULL";"NULL";"NULL";0;0;0;0;0;0;4;0;0;0;0;"FORCES ARMEES TCHADIENNES"
1.8111944444444;12.670388888889;"31P CQ 70907 00979";"NIGE-FANR-22-000046";"2022-12-11 09:08";"NIGER";"Découverte apres Mise en place";"IED";"Patrouille motorisée";"<p>Le 11 décembre, le Bataillon Mixte 2 (712CSI + 1er CSR) a détecté et détruit un IED en N124013,4 E0014840,3. L'unité était en reconnaissance offensive sur l'itinéraire TYEOL BALEOL-KANKANI - MOSSIPAMA - MAKALONDI.</p>";"EMPLACED - IED";UNKNOWN;"";"";"NULL";"NULL";"NULL";"NULL";"NULL";"NULL";"NULL";"NULL";0;0;0;0;0;0;0;0;0;0;0;"FORCES ARMEES NIGERIENNES"
1.8136111111111;12.665305555556;"31P CQ 71167 00416";"NIGE-CVIL-22-000038";"2022-12-11 09:11";"NIGER";"Explosion";"IED";"Déplacement VHL civil";"<p>Le 11 décembre, un IED a explosé au passage d'un cycliste en N123955,1 E0014849.</p>";"EMPLACED - IED";UNKNOWN;"";"";"NULL";"NULL";"NULL";"NULL";"NULL";"NULL";"NULL";"NULL";0;0;0;0;0;0;0;0;0;0;0;"CIVIL"
12.524411736775;10.927708206535;"33P TN 29412 09094";"NIGE-NAF.-22-000071";"2022-12-11 09:38";"NIGERIA";"Tir indirect";"EO";"Emprise partenaire";"<p>Le 11 décembre, une attaque par tir indirect a eu lieu contre le camp de Wajiroko,&nbsp;LGA de Damboa.</p>";"";;"";"";"NULL";"NULL";"NULL";"NULL";"NULL";"NULL";"NULL";"NULL";0;0;0;0;0;0;0;0;0;0;0;"FORCE ARMEES NIGERIANES"
-6.0245828442118;14.784509448758;"29P RS 20323 36615";"MALI-CVIL-22-000053";"2022-12-10 11:35";"MALI";"Explosion";"IED";"Déplacement VHL civil";"<p>Le 10 décembre, un IED a explosé en périphérie du village de DOGOFRY dans le cercle de NIONO. 1 civil, membre d'une ONG, aurait été tué et 2 personnes auraient été blessés,</p>";"EMPLACED - IED";UNKNOWN;"";"";"NULL";"NULL";"NULL";"NULL";"NULL";"NULL";"NULL";"NULL";0;0;0;0;0;0;0;1;2;0;0;"CIVIL"
-5.990452681111;14.293495763251;"30P SA 77343 82266";"MALI-CVIL-22-000054";"2022-12-10 11:39";"MALI";"Explosion";"IED";"Déplacement VHL civil";"<p>Le 10 décembre, l'explosion d'un IED a blessé un civil à Ndilla dans le cercle de NIONO. L'explosion a endommagé/détruit un pont.</p>";"EMPLACED - IED";UNKNOWN;"";"";"NULL";"NULL";"NULL";"NULL";"NULL";"NULL";"NULL";"NULL";0;0;0;0;0;0;0;0;1;0;0;"CIVIL"
2.0333333333333;12.82525;"31P CQ 95095 18007";"NIGE-FANR-22-000045";"2022-12-09 08:25";"NIGER";"Découverte apres Mise en place";"IED + ALI";"Patrouille motorisée";"<p>Le 9 décembre, lors d'une patrouille de reconnaissance offensive (probablement 712°CSI) sur l'axe TNELLE-FOULBE-LIROBANTOULARE, un IED a été détruit. 2 terroristes et un guetteur ont été neutralisés. 16 motos auraient été récupérés.</p>";"EMPLACED - IED";UNKNOWN;"";"";"NULL";"NULL";"NULL";"NULL";"NULL";"NULL";"NULL";"NULL";0;0;0;0;0;0;0;0;0;0;0;"FORCES ARMEES NIGERIENNES"
1.5064146314889;12.492476234554;"31P CP 37693 81469";"BURK-CVIL-22-000071";"2022-12-09 10:05";"BURKINA-FASO";"Explosion";"IED";"Déplacement VHL civil";"<p>Le 9 décembre vers 19h, un troupeau de mouton a heurté un IED en périphérie de Kantchari sur l'axe Kantchari-Kantari, province de la Tapoa. L'explosion s'est produite sur un site servant de lieu d'entrainement pour les VDP. Il n'y a pas de perte humaine.</p>";"EMPLACED - IED";UNKNOWN;"";"";"NULL";"NULL";"NULL";"NULL";"NULL";"NULL";"NULL";"NULL";0;0;0;0;0;0;0;0;0;0;0;"CIVIL"
-0.72235223708116;12.875065888894;"30P YV 47173 24414";"BURK-CVIL-22-000068";"2022-12-08 13:57";"BURKINA-FASO";"Explosion";"IED";"Déplacement VHL civil";"<p>Le 8 décembre, un camion civil en déplacement entre Boala (30P YV 49458 23872) et Piboare (30P YV 37845 27056) a declenché un IED. Le véhicule a été légèrement endommagé. Aucun bilan humain n'est à déplorer.</p>";"EMPLACED - IED";UNKNOWN;"";"";"NULL";"NULL";"NULL";"NULL";"NULL";"NULL";"NULL";"NULL";0;0;0;0;0;0;0;0;0;0;0;"CIVIL"
-6.7370340285264;14.802434341432;"29P QS 43563 37703";"MALI-FAMA-22-000177";"2022-12-08 09:29";"MALI";"Explosion";"IED";"Convoi Logistique";"<p>Le 8 décembre, un IED a explosé au passage d'un convoi de retour d'une mission de ravitaillement du poste de Guiré (143836N 0064127W). L'explosion se serait produite entre Boudjiguire (145303N 0065037) et Guire et aurait fait un mort et deux blessés. 2 véhicules seraient détruits.</p>";"EMPLACED - IED";UNKNOWN;"";"";"NULL";"NULL";"NULL";"NULL";"NULL";"NULL";"NULL";"NULL";0;0;0;0;0;1;2;0;0;0;0;"FORCES ARMEES MALIENNES"
-0.84541469938571;13.158053483062;"30P YV 33547 55614";"BURK-FABF-22-000053";"2022-12-08 15:00";"BURKINA-FASO";"Explosion";"IED";"Convoi Logistique";"<p>Le 8 décembre vers 15h00, un IED a explosé à Boinga sur la RN3 tuant un militaire. 3 autres engins ont été neutralisés. Les IED ciblaient un convoi de la mine d'Essakane escorté par les FDS qui se déplaçait de Dori à Kaya.</p><p>Le 4ème IED a explosé durant sa neutralisation et a causé la mort du démineur. L'IED serait un RCIED.</p><p>Le 4ème IED se trouvait dans la même zone que celui du 17 novembre : BURK-FBSB-22-000042.</p><h1><br></h1><p><br></p>";"EMPLACED - IED";UNKNOWN;"";"";"NULL";"NULL";"NULL";"NULL";"NULL";"NULL";"NULL";"NULL";0;0;0;0;0;1;0;0;0;0;0;"FORCES ARMEES BURKINABE"
12.195277777778;10.612777777778;"33P SM 93093 74548";"NIGE-NAF.-22-000066";"2022-12-08 08:09";"NIGERIA";"Découverte apres Mise en place";"IED";"Patrouille motorisée";"<p>Le 8 décembre, les FDS ont neutralisé 3 IED au niveau de BIU, état du BORNO, sur la route entre Maiduguri et Gombe.</p>";"EMPLACED - IED";UNKNOWN;"";"";"NULL";"NULL";"NULL";"NULL";"NULL";"NULL";"NULL";"NULL";0;0;0;0;0;0;0;0;0;0;0;"FORCE ARMEES NIGERIANES"
1.6854150062659;12.832556529037;"31P CQ 57338 18982";"NIGE-OPEN-22-000004";"2022-12-07 09:25";"NIGER";"Suspicion";"IED";"VHL ou personnel hors France";"<p>Le 7 décembre, un IED aurait été posé à proximité de Makalondi. Un guetteur évoluerait à proximité.</p>";"";;"";"";"NULL";"NULL";"NULL";"NULL";"NULL";"NULL";"NULL";"NULL";0;0;0;0;0;0;0;0;0;0;0;"OPEN SOURCE"
-5.6447063116499;13.940731485482;"30P TA 14232 42761";"MALI-CVIL-22-000052";"2022-12-07 09:46";"MALI";"Explosion";"IED";"Déplacement VHL civil";"<p>Le 7 décembre, 7 civils qui se déplaçaient en charette seraient décédés après l'explosion d'un IED à Tokolo Coura dans le cercle de Macina.</p>";"EMPLACED - IED";UNKNOWN;"";"";"NULL";"NULL";"NULL";"NULL";"NULL";"NULL";"NULL";"NULL";0;0;0;0;0;0;0;7;0;0;0;"CIVIL"
0.97794723321743;20.25148769029;"31Q BC 88787 40601";"MALI-MIMA-22-000077";"2022-12-07 13:30";"MALI";"Découverte apres Mise en place";"IED";"Patrouille motorisée";"<p>Le 7 décembre, la MINUSMa a découvert un IED à proximité de son camp de Tessalit.</p>";"EMPLACED - IED";UNKNOWN;"";"";"NULL";"NULL";"NULL";"NULL";"NULL";"NULL";"NULL";"NULL";0;0;0;0;0;0;0;0;0;0;0;"MINUSMA"
7.1086111111111;10.269166666667;"32P KS 92849 35782";"NIGE-NAF.-22-000062";"2022-12-05 13:53";"NIGERIA";"Cache";"IED";"Opération de fouille";"<p>Le 5 décembre, dans la LGA de Chikun () état du Katsina, les FDS ont saisi 30 sacs d'engrais suspectés de pouvoir être utilisés pour fabriquer des explosifs. 8 hommes ont été arrétés.</p>";"";;"";"";"NULL";"NULL";"NULL";"NULL";"NULL";"NULL";"NULL";"NULL";0;0;0;0;0;0;0;0;0;0;0;"FORCE ARMEES NIGERIANES"
0.2891;11.053;"31P BN 03800 23183";"BURK-CVIL-22-000069";"2022-12-05 13:00";"BURKINA-FASO";"Explosion";"IED";"Déplacement VHL civil";"<p>Le 5 décembre vers 13h, un jeune à vélo aurait explosé sur un IED à l'entrée de Fanwargou, Le déclenchement s'est produit lorsque la personne aurait marché sur l'IED.</p>";"EMPLACED - IED";UNKNOWN;"";"";"NULL";"NULL";"NULL";"NULL";"NULL";"NULL";"NULL";"NULL";0;0;0;0;0;0;0;1;0;0;0;"CIVIL"
0.580086;11.027116;"31P BN 35590 20046";"BURK-CVIL-22-000070";"2022-12-05 10:00";"BURKINA-FASO";"Explosion";"IED";"Déplacement VHL civil";"<p>Le 5 décembre vers 10h, un adulte et son enfant à bord d'une charrette ont explosé sur un IED à SANKOADI. Le bilan est de 2 morts.</p><p>L'IED a explosé sous la charrette. </p>";"EMPLACED - IED";UNKNOWN;"";"";"NULL";"NULL";"NULL";"NULL";"NULL";"NULL";"NULL";"NULL";0;0;0;0;0;0;0;2;0;0;0;"CIVIL"
3.7682686838285;15.406023664592;"31P ET 82438 03381";"NIGE-OPEN-22-000003";"2022-12-03 13:48";"NIGER";"Suspicion";"IED";"Déplacement VHL civil";"<p>Le 3 décembre, une information rapporte qu'un IED serait posé dans la région d'Ekrafane.</p>";"";;"";"";"NULL";"NULL";"NULL";"NULL";"NULL";"NULL";"NULL";"NULL";0;0;0;0;0;0;0;0;0;0;0;"OPEN SOURCE"
-5.7018694110029;13.851413873833;"30P TA 07940 32943";"MALI-FAMA-22-000176";"2022-12-03 08:50";"MALI";"Explosion";"IED";"Patrouille motorisée";"<p>Le 3 décembre à 08h50, un IED a explosé à KOLOGO ou TOGOLOUKOURA provoquant le décès d'au moins 6 personnes.</p>";"EMPLACED - IED";UNKNOWN;"";"";"NULL";"NULL";"NULL";"NULL";"NULL";"NULL";"NULL";"NULL";0;0;0;0;0;6;0;0;0;0;0;"FORCES ARMEES MALIENNES";"L'origine des victimes n'est pas connu (civil et/ou FAMA)"
12.162008696339;10.623323295876;"33P SM 89460 75749";"NIGE-NAF.-22-000061";"2022-12-02 13:50";"NIGERIA";"Explosion";"IED";"Patrouille motorisée";"<p>Le 2 décembre, des FDS en patrouille ont sauté sur un IED dans le LGA de BIU, état du Borno. 1 soldat a été tué et 2 autres blessés. 1 véhicule a été détruit.</p>";"EMPLACED - IED";UNKNOWN;"";"";"NULL";"NULL";"NULL";"NULL";"NULL";"NULL";"NULL";"NULL";0;0;0;0;0;1;2;0;0;0;0;"FORCE ARMEES NIGERIANES"
12.523037282897;10.92939368842;"33P TN 29264 09282";"NIGE-NAF.-22-000072";"2022-12-02 09:49";"NIGERIA";"Tir indirect";"EO";"Emprise partenaire";"<p>Le 2 décembre, l'ISWAP a mené une attaque complexe (Tir de mortiers + assaut) contre le camp de Wajiroko.</p>";"";;"Mortier";"";"NULL";"NULL";"NULL";"NULL";"NULL";"NULL";"NULL";"NULL";0;0;0;0;0;0;0;0;0;0;0;"FORCE ARMEES NIGERIANES"
-3.0678414256387;13.060750272681;"30P VV 92644 43854";"BURK-FBSB-22-000044";"2022-12-01 14:18";"BURKINA-FASO";"Attaque complexe";"EO + ALI";"Emprise partenaire";"<p>Le 1er décembre, un GAT a attaqué la ville de Tougan et aurait détruit à l'explosif la gendarmerie.</p>";"";;"";"";"NULL";"NULL";"NULL";"NULL";"NULL";"NULL";"NULL";"NULL";0;0;0;0;0;0;0;0;0;0;0;"FORCES DE SECURITE BURKINABESE"
12.657761665456;11.058641513903;"33P TN 44109 23467";"NIGE-NAF.-22-000064";"2022-11-30 18:27";"NIGERIA";"Explosion";"IED";"Patrouille motorisée";"<p>Le 30 novembre, une patrouille de l'armée nigérianne aurait été touché par un IED entre Wajiroko et Damboa. Un véhicule aurait été détruit. Le bilan humaine est inconnu</p>";"EMPLACED - IED";UNKNOWN;"";"";"NULL";"NULL";"NULL";"NULL";"NULL";"NULL";"NULL";"NULL";0;0;0;0;0;0;0;0;0;0;0;"FORCE ARMEES NIGERIANES"
1.3815045973147;18.417730134245;"31Q CA 29051 37165";"MALI-CVIL-22-000051";"2022-11-30 06:30";"MALI";"Explosion";"IED";"Déplacement VHL civil";"<p>Le 30 novembre vers 06h30, un civil est décédé suite à l'explosion d'un IED alors qu'il se déplaçait à moto à Kidal.&nbsp;</p>";"EMPLACED - IED";UNKNOWN;"";"";"NULL";"NULL";"NULL";"NULL";"NULL";"NULL";"NULL";"NULL";0;0;0;0;0;0;0;1;0;0;0;"CIVIL"
-3.7793972222222;14.125644444444;"30P VA 15875 61761";"MALI-MIMA-22-000076";"2022-11-30 14:20";"MALI";"Découverte apres Mise en place";"IED";"Patrouille motorisée";"<p>Le 30 novembre, un détachement du SENBAT a découvert et marqué un IED sur la route RN15 entre OUO SARRE et SONGOBIA à 33km au sud de BANDIAGARA.</p><p>Une équipe EOD doit se rendre sur place le 01/12/2022</p>";"EMPLACED - IED";UNKNOWN;"";"";"NULL";"NULL";"NULL";"NULL";"NULL";"NULL";"NULL";"NULL";0;0;0;0;0;0;0;0;0;0;0;"MINUSMA"
10.708924793422;6.103004638805;"32N PM 89117 74890";"CAME-FACR-22-000022";"2022-11-30 11:00";"CAMEROUN";"Attaque complexe";"IED + ALI";"Convoi forces partenaires";"<p>Le 30 novembre vers 11h00, une attaque complexe a eu lieu contre des FDS en transit à Jakiri, Nkra. Durant l'incident, un IED a été declenché endommageant un véhicule. Le bilan humain n'est pas connu.</p>";"EMPLACED - IED";UNKNOWN;"";"";"NULL";"NULL";"NULL";"NULL";"NULL";"NULL";"NULL";"NULL";0;0;0;0;0;0;0;0;0;0;0;"FORCES ARMEES CAMEROUNAISES"
-5.5338888888889;15.2625;"30P TB 27846 88944";"MALI-CVIL-22-000050";"2022-11-28 15:41";"MALI";"Explosion";"IED";"Emprise civile";"<p>Le 28 novembre, une explosion aurait eu lieu à proximité du village de GOUDOUROU </p>";"";;"";"";"NULL";"NULL";"NULL";"NULL";"NULL";"NULL";"NULL";"NULL";0;0;0;0;0;0;0;0;0;0;0;"CIVIL"
13.823333333333;13.094722222222;"33P UQ 72441 47907";"NIGE-CVIL-22-000031";"2022-11-28 15:44";"NIGERIA";"Explosion";"IED";"Déplacement VHL civil";"<p>Le 28 novembre, un IED a explosé dans le secteur de Baga lors du passage d'un bovin.</p>";"EMPLACED - IED";UNKNOWN;"";"";"NULL";"NULL";"NULL";"NULL";"NULL";"NULL";"NULL";"NULL";0;0;0;0;0;0;0;0;0;0;0;"CIVIL"
-4.9659319472908;12.215206820314;"30P TU 86123 51127";"MALI-FAMA-22-000175";"2022-11-28 16:02";"MALI";"Explosion";"IED";"Patrouille motorisée";"<p>Le 28 novembre, un IED a explosé contre un véhicule des FAMA dans le cercle de YOROSSO sur la MSR KOALA. Le bilan serait au moins de 2 morts et 3 blessés.</p>";"EMPLACED - IED";UNKNOWN;"";"";"NULL";"NULL";"NULL";"NULL";"NULL";"NULL";"NULL";"NULL";0;0;0;0;0;2;3;0;0;0;0;"FORCES ARMEES MALIENNES"
12.952876207925;11.452097561351;"33P TN 76667 66761";"NIGE-NAF.-22-000056";"2022-11-27 15:56";"NIGERIA";"Attaque complexe";"IED + ALI";"Convoi Logistique";"<p>Le 27 novembre, l'ISWAP a tendu une embuscade à un convoi civil escorté par les FDS sur la route entre Damboa et Maiduguri, état du Borno. Un IED a explosé. 3 soldats ont été tués et un véhicule blindé détruit.</p>";"EMPLACED - IED";UNKNOWN;"";"";"NULL";"NULL";"NULL";"NULL";"NULL";"NULL";"NULL";"NULL";0;0;0;0;0;3;0;0;0;0;0;"FORCE ARMEES NIGERIANES"
13.610040729104;13.673343005043;"33P UR 49674 12031";"NIGE-NAF.-22-000058";"2022-11-27 13:57";"NIGERIA";"Autre incident";"IED + ALI";"Opération de fouille";"<p>Le 27 novembre, l'armée Nigérianne a neutralisé des terroristes qui se formaient à la fabrication d'IED à Tumbun Hamma dans la région du lac Tchad. Le bilan serait de 24 terroristes neutralisés.</p>";"";;"";"";"NULL";"NULL";"NULL";"NULL";"NULL";"NULL";"NULL";"NULL";0;0;0;0;0;0;0;0;0;24;0;"FORCE ARMEES NIGERIANES"
1.8868155523674;14.271120927271;"31P CR 79921 77998";"NIGE-FANR-22-000029";"2022-11-26 11:15";"NIGER";"Découverte apres Mise en place";"IED";"Convoi forces partenaires";"<p>Le 26 novembre, un convoi FAN circulant entre Ouallam et Tillabéri a découvert un IED.</p><p>Une demande nigérienne a été transmise au PC du GTIA NIGER pour obtenir une intervention des EOD de la force.</p><p><br></p><p>Les composants de l'IED observés sont : une batterie reliée par un fil à une charge enterrée.</p><p>Les FAN suspectent un RCIED.</p>";"EMPLACED - IED";Pressure;"";"";"NULL";"NULL";"NULL";"NULL";"NULL";"NULL";"NULL";"NULL";0;0;0;0;0;0;0;0;0;0;0;"FORCES ARMEES NIGERIENNES"
13.341355346042;13.659998918586;"33P UR 20599 10737";"NIGE-NAF.-22-000063";"2022-11-25 18:16";"NIGERIA";"Tir indirect";"EO";"Emprise partenaire";"<p>Plusieurs tirs IDF (Mortier) aurait été effectué contre le camp de l'armée nigériane de MALLAM FATORI.&nbsp;</p><p>6 obus tirés le 25 novembre, 4 obus le 26 novembre, 1 le 27 novembre et 1 le 28.</p>";"";;"Mortier";"";"NULL";"NULL";"NULL";"NULL";"NULL";"NULL";"NULL";"NULL";0;0;0;0;0;0;0;0;0;0;0;"FORCE ARMEES NIGERIANES";"Aucun bilan n'est connu."
-1.5630206609887;13.605113429809;"30P XA 55456 04513";"BURK-FABF-22-000052";"2022-11-25 12:30";"BURKINA-FASO";"Explosion";"IED";"Convoi forces partenaires";"<p>Le 25 novembre vers 12h30, un détachement de l'armée burkinabèse en mission d'escorte d'un convoi reliant Djibo à Ougadougou a heurté un IED sur la RN22 entre Alga et Boulounga. Le bilan serait de 3 morts et 2 blessés. Un véhicule a été détruit.</p><p><br></p>";"EMPLACED - IED";UNKNOWN;"";"";"NULL";"NULL";"NULL";"NULL";"NULL";"NULL";"NULL";"NULL";0;0;0;0;0;3;2;0;0;0;0;"FORCES ARMEES BURKINABE"
-3.7933446177813;13.711369501377;"30P VA 14217 15946";"MALI-FAMA-22-000174";"2022-11-25 15:37";"MALI";"Suspicion";"IED";"Patrouille motorisée";"<p>Le 25 novembre, le commandant du GTIA2 (FAMA) de Diallassagou a informé ses unités de la pose probable d'un IED entre DIAH (N133752 W0035020), KOULOU (N134148 W0034821), YELE (N134410 W0034724) et SAMA (N134615 W0034624).</p>";"";;"";"";"NULL";"NULL";"NULL";"NULL";"NULL";"NULL";"NULL";"NULL";0;0;0;0;0;0;0;0;0;0;0;"FORCES ARMEES MALIENNES"
-3.1643712275974;15.050905707725;"30P VB 82333 63962";"MALI-MIMA-22-000075";"2022-11-25 15:59";"MALI";"Explosion";"IED";"Convoi forces partenaires";"<p>Le 25 Novembre, un convoi de la MINUSMA circulant de DOUENTZA à SÉVARÉ a heurté un IED 24 km au Nord-Ouest de DOUENTZA sur la MSR ELEPHANT-C. Pas de blessé, dommage mineur sur un véhicule blindé.</p>";"EMPLACED - IED";UNKNOWN;"";"";"NULL";"NULL";"NULL";"NULL";"NULL";"NULL";"NULL";"NULL";0;0;0;0;0;0;0;0;0;0;0;"MINUSMA"
10.6651001;6.205180168;"32N PM 10674 63305";"CAME-FACR-22-000021";"2022-11-25 14:40";"CAMEROUN";"Attaque complexe";"IED + ALI";"Emprise partenaire";"<p>Le 25 novembre, des terroristes ont attaqué la prison de Tobin. Après avoir été repoussé, les terroristes ont fait explosé un IED durant leur repli. Le bilan n'est pas connu.</p>";"EMPLACED - IED";UNKNOWN;"";"";"NULL";"NULL";"NULL";"NULL";"NULL";"NULL";"NULL";"NULL";0;0;0;0;0;0;0;0;0;0;0;"FORCES ARMEES CAMEROUNAISES"
-3.8936236427664;13.17159262735;"30P VV 03157 56283";"BURK-CVIL-22-000066";"2022-11-24 14:24";"BURKINA-FASO";"Explosion";"IED";"Déplacement VHL civil";"<p>Le 24 novembre vers 09h00, Un tracteur roulant vers les champs a heurté un IED à la périphérie de la localité de Barani, province de Kossi. Le conducteur a été blessé et le véhicule endommagé.</p>";"EMPLACED - IED";UNKNOWN;"";"";"NULL";"NULL";"NULL";"NULL";"NULL";"NULL";"NULL";"NULL";0;0;0;0;0;0;0;0;1;0;0;"CIVIL"
-3.3554217655823;13.754850589447;"30P VA 61577 20642";"MALI-CVIL-22-000049";"2022-11-23 18:11";"MALI";"Découverte apres Mise en place";"IED";"Déplacement VHL civil";"<p>Le 23 novembre, un IED aurait été découvert par la population dans la région de Koro à l'intersection des routes de Dari et de Pissa.</p>";"EMPLACED - IED";UNKNOWN;"";"";"NULL";"NULL";"NULL";"NULL";"NULL";"NULL";"NULL";"NULL";0;0;0;0;0;0;0;0;0;0;0;"CIVIL"
12.965833333333;11.488888888889;"33P TN 78110 70821";"NIGE-NAF.-22-000059";"2022-11-23 14:04";"NIGERIA";"Découverte apres TIC";"EO";"Patrouille motorisée";"<p>Le 23 novembre, suite à une embuscade, les FDS ont récupéré un obus de 60mm à proximité de KOMOLA, LGA de KONUGA, sur la route entre MAIDUGURI et DAMBOA.</p>";"";;"Mortier";"";"NULL";"NULL";"NULL";"NULL";"NULL";"NULL";"NULL";"NULL";0;0;0;0;0;0;0;0;0;0;0;"FORCE ARMEES NIGERIANES"
12.480462935688;10.830945545563;"33P TM 24517 98425";"NIGE-NAF.-22-000060";"2022-11-23 14:07";"NIGERIA";"Explosion";"IED";"Patrouille motorisée";"<p>Le 23 novembre, un véhicule des FDS en patrouille a explosé sur un IED sur la route entre WAJIROKO et SABON GARI. Le véhicule a été endommagé. Aucun blessé.</p>";"EMPLACED - IED";UNKNOWN;"";"";"NULL";"NULL";"NULL";"NULL";"NULL";"NULL";"NULL";"NULL";0;0;0;0;0;0;0;0;0;0;0;"FORCE ARMEES NIGERIANES"
-0.22019170746161;16.530898423682;"30Q YD 96716 29711";"MALI-FAMA-22-000170";"2022-11-22 16:32";"MALI";"Suspicion";"IED";"Emprise partenaire";"<p>Le 22 novembre, un message a été diffusé aux forces de sécurité dans la région de GAO. Ce message alerte sur une menace d'attaque kamikaze. Le véhicule utilisé serait un Toyota HILUX S-GLX SR5 de couleur blanche.</p><p>Le véhicule aurait été vu se déplaçant en direction de Bourem par une patrouille allemande de la MINUSMa le 23 novembre.</p>";"";;"";"";"NULL";"NULL";"NULL";"NULL";"NULL";"NULL";"NULL";"NULL";0;0;0;0;0;0;0;0;0;0;0;"FORCES ARMEES MALIENNES"
-1.0581269779245;13.413665706031;"30P YV 10261 83708";"BURK-CVIL-22-000064";"2022-11-22 10:00";"BURKINA-FASO";"Tir indirect";"EO";"Emprise civile";"<p>Le 22 novembre vers 10h00, des tirs d'obus ou de roquettes ont été effectué sur la ville de Barsalogho. Deux projectiles sont tombés au centre-ville sans faire de victimes ni de dégâts matériels.</p>";"";;"";"";"NULL";"NULL";"NULL";"NULL";"NULL";"NULL";"NULL";"NULL";0;0;0;0;0;0;0;0;0;0;0;"CIVIL"
0.098366765801572;14.65467589026;"31P AS 87440 22135";"BURK-CVIL-22-000065";"2022-11-22 16:46";"BURKINA-FASO";"Découverte apres Mise en place";"IED";"Déplacement VHL civil";"<p>Le 22 novembre, 3 engins explosifs ont été découvert sur l'axe Dambam-Markoye. Partiellement mis à jour par l'effet du vent, les IED ont été découverts par la population. Les FDS ont été alertés et ont procédé à la neutralisation.</p>";"EMPLACED - IED";UNKNOWN;"";"";"NULL";"NULL";"NULL";"NULL";"NULL";"NULL";"NULL";"NULL";0;0;0;0;0;0;0;0;0;0;0;"CIVIL"
-3.5206033618638;11.492177373669;"30P VT 43223 70452";"BURK-FBSB-22-000043";"2022-11-22 19:30";"BURKINA-FASO";"Découverte apres TIC";"IED + ALI";"Emprise partenaire";"<p>Le 22 novembre vers 19h30, un groupe terroriste, profitant d'une intervention des gendarmes sur un accident de la route, se sont emparés du poste de gendarmerie de Houndé. Les gendarmes ont mené une contre-attaque contraigant les terroristes à prendre la fuite alors qu'ils mettaient en place un IED pour détruire les locaux. Les composants de l'IED ont été abandonnés sur place.&nbsp;</p>";"EMPLACED - IED";UNKNOWN;"";"";"NULL";"NULL";"NULL";"NULL";"NULL";"NULL";"NULL";"NULL";0;0;0;0;0;0;0;0;0;0;0;"FORCES DE SECURITE BURKINABESE"
-3.9036494836583;13.542538463574;"30P VV 02220 97314";"MALI-FAMA-22-000172";"2022-11-22 17:50";"MALI";"Explosion";"IED";"Patrouille motorisée";"<p>Le 22 novembre, 1 véhicule FAMa a explosé sur un IED à Toum, région de Diallassagou faisant 3 morts et 2 blessés.</p>";"EMPLACED - IED";UNKNOWN;"";"";"NULL";"NULL";"NULL";"NULL";"NULL";"NULL";"NULL";"NULL";0;0;0;0;0;3;2;0;0;0;0;"FORCES ARMEES MALIENNES"
-9.0588787420087;14.498508149446;"29P MS 93655 02860";"MALI-MIMA-22-000074";"2022-11-22 14:38";"MALI";"Suspicion";"IED";"Déplacement VHL civil";"<p>Le 22 novembre, la MINUSMa rend compte qu'un véhicule Toyota Hilux contenant de l'explosif aurait été observé dans l'Est de la région de Kayes. Le même véhicule aurait été vu le 19 novembre à proximité de Gogui.</p>";"";;"";"";"NULL";"NULL";"NULL";"NULL";"NULL";"NULL";"NULL";"NULL";0;0;0;0;0;0;0;0;0;0;0;"MINUSMA"
-3.7964619951907;13.560061116829;"30P VV 13825 99212";"MALI-FAMA-22-000173";"2022-11-22 08:59";"MALI";"Explosion";"IED";"Patrouille motorisée";"<p>Le 22 novembre, un détachement FAMA a explosé sur un IED sur une route secondaire dans le cercle de Bankass, région de Mopti. Le bilan serait de 4 morts et 2 blessés coté FAMA.</p><p>Le JNIM a revendiqué cette attaque contre les FAMa/Wagner à proximité du village de Mankanou dans le cercle de Bankass.</p>";"EMPLACED - IED";UNKNOWN;"";"";"NULL";"NULL";"NULL";"NULL";"NULL";"NULL";"NULL";"NULL";0;0;0;0;0;4;2;0;0;0;0;"FORCES ARMEES MALIENNES"
10.62500381;6.066669941;"32N PM 10674 63305";"CAME-OPEN-22-000001";"2022-11-22 15:49";"CAMEROUN";"Découverte avant Mise en place";"IED";"Convoi forces partenaires";"<p>Le 22 novembre, un terroriste a été blessé par une explosion durant la pose d'un IED à Wainamah. L'IED aurait été préparé afin d'attaquer un convoi des FDS.</p>";"";;"";"";"NULL";"NULL";"NULL";"NULL";"NULL";"NULL";"NULL";"NULL";0;0;0;0;0;0;0;0;0;0;1;"OPEN SOURCE"
-2.8686111111111;15.284166666667;"30P WB 14106 89760";"MALI-MIMA-22-000073";"2022-11-21 13:40";"MALI";"Explosion";"IED";"Convoi tactique";"<p>Le 21 novembre, durant l'opératon PATHFINDER, un convoi du SENBATT a explosé sur un IED 33km au Nord de Douentza (15°17'03""N 02°52'07”W). L'explosion a fait 3 blessés (1 B et 2 C) et détruit une ambulance.</p>";"EMPLACED - IED";UNKNOWN;"";"";"NULL";"NULL";"NULL";"NULL";"NULL";"NULL";"NULL";"NULL";0;0;0;0;0;0;3;0;0;0;0;"MINUSMA"
-4.0380907559328;11.435608719136;"30P UT 86759 64349";"BURK-FABF-22-000051";"2022-11-21 23:30";"BURKINA-FASO";"Autre incident";"EO";"Emprise partenaire";"<p>Dans la nuit du 21 au 22 novembre, le commissariat de police départementale de Satiri a été détruit à l'explosif par un groupe armé.</p>";"";;"";"";"NULL";"NULL";"NULL";"NULL";"NULL";"NULL";"NULL";"NULL";0;0;0;0;0;0;0;0;0;0;0;"FORCES ARMEES BURKINABE"
13.62407695228;11.53242253059;"33P UN 49951 75210";"NIGE-NAF.-22-000055";"2022-11-21 06:00";"NIGERIA";"Attaque complexe";"IED + ALI";"Patrouille motorisée";"<p>Le 21 novembre, un groupe terroriste a tendu une embuscade à une patrouille des FDS Nigériannes à Ngauramari, LGA de Konduga, état du Borno. Un IED (Probablement CWIED) a explosé endommageant un véhicule. Durant l'échange de tirs qui a suivi l'explosion deux membres des FDS ont été blessés. L'embuscade a eu lieu sur la route entre Konduga et Bama.</p>";"EMPLACED - IED";Command_Wire;"";"";"NULL";"NULL";"NULL";"NULL";"NULL";"NULL";"NULL";"NULL";0;0;0;0;0;0;2;0;0;0;0;"FORCE ARMEES NIGERIANES"
-4.3262991232116;9.9221840541966;"30P UR 54596 97098";"BURK-CVIL-22-000067";"2022-11-21 14:30";"BURKINA-FASO";"Explosion";"IED";"Déplacement VHL civil";"<p>Le 21 novembre, un IED a explosé contre un tricycle transportant des civils sur la route secondaire entre Mangodara et Noumoukiédougou. L'explosion a fait au moins 2 blessés.</p>";"EMPLACED - IED";UNKNOWN;"";"";"NULL";"NULL";"NULL";"NULL";"NULL";"NULL";"NULL";"NULL";0;0;0;0;0;0;0;0;2;0;0;"CIVIL"
-2.2980206782255;13.495638160169;"30P WV 75971 92056";"BURK-CVIL-22-000062";"2022-11-20 18:00";"BURKINA-FASO";"Explosion";"EO";"Emprise civile";"<p>Le 20 novembre vers 18h00, des enfants ont ramassé une grenade au bord de la N15 et l'ont fait exploser au cours de sa manipulation faisant 4 morts et 1 blessé dans le village de Rèko, commune de Oula, province du Yatenga.</p>";"";;"Grenades";"Non précisé";"NULL";"NULL";"NULL";"NULL";"NULL";"NULL";"NULL";"NULL";0;0;0;0;0;0;0;4;1;0;0;"CIVIL"
-6.2301570820858;14.846534883054;"29P QS 98091 43199";"MALI-FAMA-22-000169";"2022-11-20 15:44";"MALI";"Cache";"IED + EO +ALI";"Opération de fouille";"<p>Le 20 novembre, dans la localité de Tôgôfô-Bali dans le cercle de Niono, les forces armées maliennes ont neutralisé six terroristes et auraient saisi 2 AK47, cinq motos, 2 mines, un IED en préparation, 50 kg d'engrais. </p>";"";;"Mines";"indeterminées";"NULL";"NULL";"NULL";"NULL";"NULL";"NULL";"NULL";"NULL";0;0;0;0;0;0;0;0;0;6;0;"FORCES ARMEES MALIENNES"
0.60505802383746;11.026124257033;"31P BN 38319 19914";"BURK-CVIL-22-000063";"2022-11-20 16:06";"BURKINA-FASO";"Explosion";"IED";"Déplacement VHL civil";"<p><span style=""background-color: rgba(0, 0, 0, 0.04);"">Le 20 novembre, 2 personnes ont été blessés par l'explosion d'un IED alors qu'elles circulaient à moto sur l'axe Kpenkankanti-Sankoado.</span></p>";"EMPLACED - IED";UNKNOWN;"";"";"NULL";"NULL";"NULL";"NULL";"NULL";"NULL";"NULL";"NULL";0;0;0;0;0;0;0;0;0;0;0;"CIVIL"
-6.0304619919963;14.774384549621;"29P RS 19705 35486";"MALI-CVIL-22-000055";"2022-11-19 11:46";"MALI";"Explosion";"IED";"Déplacement VHL civil";"<p>Le 19 novembre, un IED aurait explosé dans le village de Dogofry, dans le cercle de NIONO</p>";"EMPLACED - IED";UNKNOWN;"";"";"NULL";"NULL";"NULL";"NULL";"NULL";"NULL";"NULL";"NULL";0;0;0;0;0;0;0;0;0;0;0;"CIVIL";"Aucun bilan n'est connu."
0.62289067653157;11.002955623194;"31P BN 40248 17335";"BURK-FAT--22-000002";"2022-11-19 11:09";"BURKINA-FASO";"Explosion";"IED";"Patrouille démotorisée";"<p>Le 19 novembre, un IED aurait explosé à Kpenkankanti contre une groupe de militaires togolais en mission de sécurisation. 6 soldats togolais aurait été tués. Cette incursion togolaise en territoire burkinabais rentre probablement dans le cadre de l'accord de sécurisation de la frontière.&nbsp;</p>";"";;"";"";"NULL";"NULL";"NULL";"NULL";"NULL";"NULL";"NULL";"NULL";0;0;0;0;0;6;0;0;0;0;0;"FORCES ARMEES TOGOLAISES"
-4.3735882712961;13.121945443501;"30P UV 51106 51026";"MALI-FAMA-22-000171";"2022-11-18 17:01";"MALI";"Attaque complexe";"IED + ALI";"Patrouille motorisée";"<p>Le 18 novembre, une attaque complexe a eu lieu contre un détachement de la 42ème compagnie d'intervention rapide (CIR) de la Garde Nationale du Mali dans le secteur de Bénéna région de Tominian. 4 soldats ont été tués.</p>";"EMPLACED - IED";UNKNOWN;"";"";"NULL";"NULL";"NULL";"NULL";"NULL";"NULL";"NULL";"NULL";0;0;0;0;0;4;0;0;0;0;0;"FORCES ARMEES MALIENNES"
10.680071437029;6.1992642403034;"32N PM 85890 85526";"CAME-FACR-22-000020";"2022-11-18 15:46";"CAMEROUN";"Découverte apres Mise en place";"IED";"Convoi forces partenaires";"<p>Le 18 novembre, un IED a été découvert et neutralisé par les FDS Camerounaises à Kumbo, région de Buy.</p>";"EMPLACED - IED";UNKNOWN;"";"";"NULL";"NULL";"NULL";"NULL";"NULL";"NULL";"NULL";"NULL";0;0;0;0;0;0;0;0;0;0;0;"FORCES ARMEES CAMEROUNAISES"
0.7175;13.251111111111;"31P BQ 52674 66035";"BURK-FABF-22-000050";"2022-11-17 08:15";"BURKINA-FASO";"Explosion";"IED";"Patrouille motorisée";"<p>Le 17 novembre, le véhicule de transmission d'une unité FABF, dépendant du PC tactique de Dori, a explosé sur un IED. Le bilan fait état d'un mort et un blessé. Les coordonnées estimées correspondent au point de l'EVASAN.</p>";"EMPLACED - IED";UNKNOWN;"";"";"NULL";"NULL";"NULL";"NULL";"NULL";"NULL";"NULL";"NULL";0;0;0;0;0;1;1;0;0;0;0;"FORCES ARMEES BURKINABE"
-0.72029400250423;13.248379370966;"30P YV 47025 65730";"BURK-CVIL-22-000059";"2022-11-17 13:42";"BURKINA-FASO";"Autre incident";"IED";"Convoi Logistique";"<p>Le 17 novembre dans l'après-midi, un IED a explosé au passage d'un camion de transport sur le pont de Naré sur la RN3. Le pont a de nouveau été endommagé.</p><p><br></p><p>Même pont que les incidents : BURK-CVIL-22-000037 et BURK-CVIL-22-000030</p><p><br></p><p>Probablement le même convoi que pour l'incident : BURK-FBSB-22-000042</p>";"EMPLACED - IED";UNKNOWN;"";"";"NULL";"NULL";"NULL";"NULL";"NULL";"NULL";"NULL";"NULL";0;0;0;0;0;0;0;0;0;0;0;"CIVIL"
-0.84801243502925;13.15504468273;"30P YV 33268 55278";"BURK-FBSB-22-000042";"2022-11-17 10:45";"BURKINA-FASO";"Explosion";"IED";"Convoi Logistique";"<p>Le 17 novembre à 10h45, un convoi de véhicules en déplacement sur la RN3 vers Dori (30P ZA 20388 53454) a heurté un IED à hauteur de Ouanobian&nbsp;ou Pissila (30P YV 35685 56162). 1 gendarme a été tué et 3 autres blessés. 2 motos et 1 bus atteints</p>";"EMPLACED - IED";UNKNOWN;"";"";"NULL";"NULL";"NULL";"NULL";"NULL";"NULL";"NULL";"NULL";0;0;0;0;0;1;3;0;0;0;0;"FORCES DE SECURITE BURKINABESE"
-1.065673828125;13.257364897261;"30P YV 09578 66408";"BURK-CVIL-22-000061";"2022-11-17 18:00";"BURKINA-FASO";"Explosion";"IED";"Déplacement VHL civil";"<p>Le 17 novembre vers 18h00, un tricycle qui se rendait de Barsalogho à Kaya a subi un incident IED sur l'axe entre les deux villes. Le bilan est de 2 morts et 7 blessés.</p>";"EMPLACED - IED";UNKNOWN;"";"";"NULL";"NULL";"NULL";"NULL";"NULL";"NULL";"NULL";"NULL";0;0;0;0;0;0;0;2;7;0;0;"CIVIL"
0.57927167992283;10.975740683457;"31P BN 35455 14361";"BURK-FAT--22-000001";"2022-11-17 17:59";"BURKINA-FASO";"Suspicion";"IED + ALI";"Patrouille motorisée";"<p>Le 17 novembre, une patrouille des forces de défense et de sécurité, engagée dans l'opération Koundjoaré au Nord du Togo, serait tombée dans une embuscade tendue par les terroristes. L'attaque aurait eu lieu à Sankortchagou, localité frontière située au Burkina-Faso. L'utilisation d'un IED est possible.</p>";"";;"";"";"NULL";"NULL";"NULL";"NULL";"NULL";"NULL";"NULL";"NULL";0;0;0;0;0;0;0;0;0;0;0;"FORCES ARMEES TOGOLAISES"
12.648055555556;11.045833333333;"33P TN 43037 22058";"NIGE-NAF.-22-000051";"2022-11-17 08:58";"NIGERIA";"Explosion";"IED";"Patrouille motorisée";"<p>Le 17 novembre, une patrouille des FDS a explosé sur un IED sur la route près d'Azir, LGA de Domboa, état du Borno. 8 soldats ont été blessés. Un véhicule aurait été détruit.</p><p>Deux autres IED ont été découvert et neutralisés par les FDS.</p>";"EMPLACED - IED";UNKNOWN;"";"";"NULL";"NULL";"NULL";"NULL";"NULL";"NULL";"NULL";"NULL";0;0;0;0;0;0;8;0;0;0;0;"FORCE ARMEES NIGERIANES"
12.016985939383;11.240031419913;"33P SN 74253 44174";"NIGE-NAF.-22-000052";"2022-11-17 09:01";"NIGERIA";"Découverte apres Mise en place";"IED";"Inspection de terrain (VPC-VAC)";"<p>Le 17 novembre, une équipe EOD des FDS a découvert et neutralisé plusieurs IED sur la route entre DAMTURU et BIU, près de JIRI, LGA de Damturu, état du Borno.</p>";"EMPLACED - IED";UNKNOWN;"";"";"NULL";"NULL";"NULL";"NULL";"NULL";"NULL";"NULL";"NULL";0;0;0;0;0;0;0;0;0;0;0;"FORCE ARMEES NIGERIANES"
7.210087722491;10.304110328329;"32P LS 03988 39584";"NIGE-NAF.-22-000053";"2022-11-17 09:07";"NIGERIA";"Découverte apres Mise en place";"IED";"Inspection de terrain (VPC-VAC)";"<p>Le 17 novembre, une équipe EOD a neutralisé 2 IED sur la route entre Damba et Gwagwalada, LGA de Chikun, état du Kaduna</p>";"EMPLACED - IED";UNKNOWN;"";"";"NULL";"NULL";"NULL";"NULL";"NULL";"NULL";"NULL";"NULL";0;0;0;0;0;0;0;0;0;0;0;"FORCE ARMEES NIGERIANES"
-3.652925;14.249083333333;"30P VA 29565 75372";"MALI-FAMA-22-000168";"2022-11-16 10:00";"MALI";"Découverte apres Mise en place";"IED";"Déplacement VHL civil";"<p>Le 16 novembre dans la matinée, suite à un signalement probablement par la population, un détachement GNM de Bandiagara a neutralisé un IED enfoui sur la piste à 4km de Bodio aux coordonnés N141456,7 W033910,53. L'EEI a été détruit sur place.</p>";"EMPLACED - IED";UNKNOWN;"";"";"NULL";"NULL";"NULL";"NULL";"NULL";"NULL";"NULL";"NULL";0;0;0;0;0;0;0;0;0;0;0;"FORCES ARMEES MALIENNES"
9.433330536;4.973058701;"32N NK 00000 42127";"CAME-FACR-22-000019";"2022-11-16 14:00";"CAMEROUN";"Attaque complexe";"IED + ALI";"Patrouille motorisée";"<p>Le 16 novembre vers 14h00, un IED a explosé au passage d'un véhicule des FDS à Lobange, département de Meme. L'attaque a été suivi d'un échange de tir pendant près d'une heure. Le véhicule a été détruit. Le bilan humain n'est pas connu. Le véhicule circulait en direction de Kumba.</p>";"EMPLACED - IED";UNKNOWN;"";"";"NULL";"NULL";"NULL";"NULL";"NULL";"NULL";"NULL";"NULL";0;0;0;0;0;0;0;0;0;0;0;"FORCES ARMEES CAMEROUNAISES"
12.943370154157;11.434263158869;"33P TN 75616 64795";"NIGE-NAF.-22-000050";"2022-11-16 16:44";"NIGERIA";"Suspicion";"IED + ALI";"Convoi tactique";"<p>Le 16 novembre, les terroristes auraient tendu une embuscade sur un convoi de l'armée nigériane entre les villes de Dampoa et Maiduguri dans la région de Borno. Ils auraient fait exploser un engin explosif avant de les attaquer à l'ALI, ce qui aurait causé plusieurs blessés.</p>";"EMPLACED - IED";UNKNOWN;"";"";"NULL";"NULL";"NULL";"NULL";"NULL";"NULL";"NULL";"NULL";0;0;0;0;0;0;0;0;0;0;0;"FORCE ARMEES NIGERIANES"
1.7966094247694;12.092702876088;"31P CP 69036 37092";"BURK-CVIL-22-000060";"2022-11-15 11:00";"BURKINA-FASO";"Explosion";"IED";"Déplacement VHL civil";"<p>Le 15 novembre vers 11h, deux femmes se déplaçant à bord d'une charrette dans le village de Tangali ont heurté un IED qui a explosé. Les 2 femmes sont décédées.</p>";"EMPLACED - IED";UNKNOWN;"";"";"NULL";"NULL";"NULL";"NULL";"NULL";"NULL";"NULL";"NULL";0;0;0;0;0;0;0;2;0;0;0;"CIVIL"
1.3874054126179;13.251462635367;"31P CQ 25285 65508";"NIGE-FANR-22-000028";"2022-11-15 23:30";"NIGER";"Cache";"IED";"Patrouille démotorisée";"<p>Suite à la capture de 4 individus pendant l’opération FAWRA33 dans la nuit du 15 au 16 novembre dans la région de Baounde Boula (31P CQ 25285 65508), 2 chargeurs AK47 garnis, des téléphones, du cordeau détonant et diverses ressources ont été saisis.</p>";"COMP - IED Components";COMP - IED Components;"";"";"NULL";"NULL";"NULL";"NULL";"NULL";"NULL";"NULL";"NULL";0;0;0;0;0;0;0;0;0;0;0;"FORCES ARMEES NIGERIENNES"
15.641786993694;6.9986745241476;"33N WH 70887 73650";"RCA--CVIL-22-000002";"2022-11-15 14:56";"RCA-REPUBLIQUE CENTRAFRIC";"Explosion";"EO";"Emprise civile";"<p>Le 15 novembre, un engin explosif aurait explosé à Bocaranga.</p>";"";;"";"";"NULL";"NULL";"NULL";"NULL";"NULL";"NULL";"NULL";"NULL";0;0;0;0;0;0;0;0;0;0;0;"CIVIL"
15.58683209582;5.9520949656668;"33N WG 64951 57943";"RCA--CVIL-22-000003";"2022-11-15 14:57";"RCA-REPUBLIQUE CENTRAFRIC";"Explosion";"EO";"Emprise civile";"<p>Le 15 novembre, un engin explosif aurait explosé à Ngui-Bouar tuant un civil.</p>";"";;"";"";"NULL";"NULL";"NULL";"NULL";"NULL";"NULL";"NULL";"NULL";0;0;0;0;0;0;0;1;0;0;0;"CIVIL"
9.999009793454;6.0200436531425;"32N PM 10561 65521";"CAME-FACR-22-000016";"2022-11-15 11:00";"CAMEROUN";"Découverte apres Mise en place";"IED";"Inspection de terrain (VPC-VAC)";"<p>Le 15 novembre vers 11h00, un IED a été placé à Mbengwi, département de Momo, sur la route de Tudig afin d'attaquer les FDS. Suite à renseignement, les FDS ont neutralisé l'engin.</p>";"EMPLACED - IED";UNKNOWN;"";"";"NULL";"NULL";"NULL";"NULL";"NULL";"NULL";"NULL";"NULL";0;0;0;0;0;0;0;0;0;0;0;"FORCES ARMEES CAMEROUNAISES"
9.4605756422365;4.818680754355;"32N NL 51071 32638";"CAME-FACR-22-000017";"2022-11-15 15:00";"CAMEROUN";"Attaque complexe";"IED + ALI";"Convoi tactique";"<p>Le 15 novembre vers 15h00, des terroristes ont tendu une embuscade à un véhicule des FDS en transit à Matondo 2, département de Meme, sur l'axe Kumba-Mamfe. Un IED a explosé suivi d'un échange de tir. 1 terroriste a été tué et un autre arrêté. Le BDA FDS n'est pas connu.</p>";"EMPLACED - IED";UNKNOWN;"";"";"NULL";"NULL";"NULL";"NULL";"NULL";"NULL";"NULL";"NULL";0;0;0;0;0;0;0;0;0;1;0;"FORCES ARMEES CAMEROUNAISES"
9.2945192064018;5.8507112029703;"32N NM 32603 46710";"CAME-FACR-22-000018";"2022-11-15 14:00";"CAMEROUN";"Découverte apres Mise en place";"IED";"Patrouille démotorisée";"<p>Le 15 novembre vers 14h00, un IED a été détecté par les FDS en patrouille à pied à Kesham, département de Manyu, sur la route de Mamfe à Kesham. L'IED a été neutralisé.</p>";"EMPLACED - IED";UNKNOWN;"";"";"NULL";"NULL";"NULL";"NULL";"NULL";"NULL";"NULL";"NULL";0;0;0;0;0;0;0;0;0;0;0;"FORCES ARMEES CAMEROUNAISES"
13.392356078761;11.855927192901;"33P UP 24879 11127";"NIGE-CVIL-22-000030";"2022-11-15 10:00";"NIGERIA";"Explosion";"IED";"Déplacement VHL civil";"<p>Le 15 novembre vers 10h00, un IED a explosé à proximité d'un véhicule à Limanti, LGA de Mafa, sur une route secondaire entre Limanti et Loskuri. L'explosion a endommagé le véhicule et blessé une personne. Les FDS sont intervenus et ont trouvé 2 autres IED qu'elles ont détruits.</p>";"EMPLACED - IED";UNKNOWN;"";"";"NULL";"NULL";"NULL";"NULL";"NULL";"NULL";"NULL";"NULL";0;0;0;0;0;0;0;0;1;0;0;"CIVIL"
1.7832393153123;14.807413215387;"31P CS 69064 37380";"NIGE-CVIL-22-000027";"2022-11-14 10:57";"NIGER";"Explosion";"IED";"Déplacement VHL civil";"<p>Le 14 novembre, un âne aurait explosé sur un IED, tuant une femme, entre les localités de Tionbangou (31 PCS 72-39) et de Tonkosom (31 PCS 57-36).</p>";"EMPLACED - IED";UNKNOWN;"";"";"NULL";"NULL";"NULL";"NULL";"NULL";"NULL";"NULL";"NULL";0;0;0;0;0;0;0;1;0;0;0;"CIVIL"
-3.0766839519748;15.029851545607;"30P VB 91757 61629";"MALI-CVIL-22-000048";"2022-11-14 12:02";"MALI";"Découverte apres Mise en place";"IED";"Déplacement VHL civil";"<p>Le 14 novembre, des habitants ont trouvé un IED à SINDA, 14km au NO de Douentza. Les FAMa ont été prévenu et ont détruit l'engin.</p>";"EMPLACED - IED";UNKNOWN;"";"";"NULL";"NULL";"NULL";"NULL";"NULL";"NULL";"NULL";"NULL";0;0;0;0;0;0;0;0;0;0;0;"CIVIL"
10.1633799953;5.8400808455464;"32N PM 28796 45659";"CAME-FACR-22-000015";"2022-11-14 09:24";"CAMEROUN";"Explosion";"IED";"Convoi Logistique";"<p>Le 14 novembre, un IED a explosé contre un convoi des FDS à BABANKI TUNGO, département de Mezam. Un véhicule aurait été endommagé. Le BDA n'est pas connu. L'IED était posé sous la route.</p>";"EMPLACED - IED";UNKNOWN;"";"";"NULL";"NULL";"NULL";"NULL";"NULL";"NULL";"NULL";"NULL";0;0;0;0;0;0;0;0;0;0;0;"FORCES ARMEES CAMEROUNAISES"
0.76651733057552;15.498679138197;"31P BT 60397 14731";"MALI-MIMA-22-000072";"2022-11-12 09:15";"MALI";"Suspicion";"IED";"Emprise partenaire";"<p>Le 12 novembre, la MINUSMA est informé de la possible mise en place d'IED dans la région de TASSIGA – TIN HAMMA dans le cercle d'Ansongo.</p>";"";;"";"";"NULL";"NULL";"NULL";"NULL";"NULL";"NULL";"NULL";"NULL";0;0;0;0;0;0;0;0;0;0;0;"MINUSMA"
1.3525939699487;12.985154985381;"31P CQ 21320 36071";"NIGE-FANR-22-000027";"2022-11-12 10:40";"NIGER";"Explosion";"IED";"Patrouille motorisée";"<p>Le 12 novembre, la 2ème CSR et la 712ème CSI en reconnaissance offensive sur l'axe BONI - KOUTOUGOU - TOMBOLE - TOLBA ont été touché par un IED et aurait également été au contact avec les GAT (3 GAT Neutralisés). BDA Nigérien inconnu.</p><p><br></p><p>Informations insuffisantes à date pour discriminer si Attaque complexe ou si les actions IED et ALI sont différentes. BDA sur IED. </p>";"EMPLACED - IED";UNKNOWN;"";"";"NULL";"NULL";"NULL";"NULL";"NULL";"NULL";"NULL";"NULL";0;0;0;0;0;0;0;0;0;0;0;"FORCES ARMEES NIGERIENNES"
0.3900472085848;10.950629939379;"31P BN 14739 11755";"TOGO-FAT--22-000004";"2022-11-11 18:03";"TOGO";"Découverte apres Mise en place";"IED";"Patrouille motorisée";"<p>Le 11 novembre, au cours d'une patrouille effectuée dans la préfecture du Kpendjal, les FAT ont procédé à la destruction sur place d'un IED. L'IED comportait un plateau de pression et d'une charge d'environ 40kg à base d'engrais (HME). Découvert et détruit par une équipe du pôle C.IED.</p>";"EMPLACED - IED";Pressure;"";"";"NULL";"NULL";"NULL";"NULL";"NULL";"NULL";"NULL";"NULL";0;0;0;0;0;0;0;0;0;0;0;"FORCES ARMEES TOGOLAISES"
13.764227704978;11.393311293059;"33P UN 65171 59755";"NIGE-NAF.-22-000054";"2022-11-11 09:00";"NIGERIA";"Attaque complexe";"IED + ALI";"Convoi forces partenaires";"<p>Le 11 novembre vers 09h00, un IED a explosé contre un convoi des FDS à Firgi, LGA de Bama. L'IED était probablement un CWIED. L'explosion a endommagé un véhicule et blessé trois membres des FDS.</p><p>Un échange de tirs a eu lieu après l'explosion. Les FDS ont retraité en abandonnant un véhicule.</p>";"EMPLACED - IED";Command_Wire;"";"";"NULL";"NULL";"NULL";"NULL";"NULL";"NULL";"NULL";"NULL";0;0;0;0;0;0;3;0;0;0;0;"FORCE ARMEES NIGERIANES"
13.76010036;11.43690014;"33P TN 81470 16707";"NIGE-NAF.-22-000049";"2022-11-10 09:35";"NIGERIA";"Explosion";"IED";"Patrouille motorisée";"<p>Le 10 novembre, une attaque IED  à Banki Junction sur la route entre Katafila et Mararaba (N111205-E0134757) dans l'état du Borno aurait à minima blessé 3 soldats nigérians. L'IED était enterré sous la route,</p>";"";;"";"";"NULL";"NULL";"NULL";"NULL";"NULL";"NULL";"NULL";"NULL";0;0;0;0;0;0;3;0;0;0;0;"FORCE ARMEES NIGERIANES"
-6.0720033184299;13.654661072468;"29P RR 16786 11446";"MALI-FAMA-22-000167";"2022-11-10 12:00";"MALI";"Explosion";"IED";"Convoi tactique";"<p>Le 10 novembre, un véhicule des FAMa a été détruit par un IED à proximité du village de MARKALA. Les personnels à bord auraient été tué.</p>";"EMPLACED - IED";UNKNOWN;"";"";"NULL";"NULL";"NULL";"NULL";"NULL";"NULL";"NULL";"NULL";0;0;0;0;0;0;0;0;0;0;0;"FORCES ARMEES MALIENNES"
